study,year,esID,yi,vi,group,time,mT,sdT,nT,mC,sdC,nC,formula,cf.focus,ed.level,write_length,cf.type,study_length_wk,treatments,error.type
Al-Ahmad & Al-Jarrah,2015,1,1.680745626,0.208171267,1,0,60.348,21.54,13,28.899,13.88,13,pcorrect2correcterror,1,2,100,0,10,2,3
Al-Ahmad & Al-Jarrah,2015,2,4.122056714,0.480602915,2,0,82.924,11.38,13,28.899,13.88,13,pcorrect2correcterror,1,2,100,8,10,2,3
Al-Ahmad & Al-Jarrah,2015,3,2.600443308,0.283890488,1,1,74.312,11.36,13,32.521,18.85,13,pcorrect2correcterror,1,2,100,0,10,2,3
Al-Ahmad & Al-Jarrah,2015,4,3.45719391,0.383695956,2,1,88.662,11.8,13,32.521,18.85,13,pcorrect2correcterror,1,2,100,8,10,2,3
Al-Ahmad & Al-Jarrah,2015,5,1.546292936,0.199827343,1,2,68.874,14.98,13,39.895,20.84,13,pcorrect2correcterror,1,2,100,0,10,2,3
Al-Ahmad & Al-Jarrah,2015,6,3.071522819,0.335274085,2,2,90.29,8.4,13,39.895,20.84,13,pcorrect2correcterror,1,2,100,8,10,2,3
,,,,,,,,,,,,,,,,,,,,
Al Ajmi,2015,7,0.219537234,0.080481966,1,0,1.68,1.069,25,1.44,1.083,25,ncorrect,1,2,80,8,7,2,2
Al Ajmi,2015,8,3.545027178,0.205672177,1,1,7.4,2.217,25,1.08,1.115,25,ncorrect,1,2,80,8,7,2,2
Al Ajmi,2015,9,4.454426725,0.278419174,1,2,8.08,1.754,25,1.48,1.085,25,ncorrect,1,2,80,8,7,2,2
,,,,,,,,,,,,,,,,,,,,
Bitchener & Knoch a,2008,10,0.624126035,0.114087493,1,0,67.59,19.26,17,51.9,28.32,20,pcorrect,1,2,85,8,8,1,1
Bitchener & Knoch a,2008,11,0.046597177,0.105584125,2,0,53.11,21.73,18,51.9,28.32,20,pcorrect,1,2,85,8,8,1,1
Bitchener & Knoch a,2008,12,0.30581092,0.101169004,3,0,59.35,18.39,20,51.9,28.32,20,pcorrect,1,2,85,0,8,1,1
Bitchener & Knoch a,2008,13,1.479993,0.138423249,1,1,82.53,14.33,17,52.75,23.26,20,pcorrect,1,2,85,8,8,1,1
Bitchener & Knoch a,2008,14,1.200320185,0.124513036,2,1,77.5,16.07,18,52.75,23.26,20,pcorrect,1,2,85,8,8,1,1
Bitchener & Knoch a,2008,15,1.482508667,0.127472899,3,1,81.25,13,20,52.75,23.26,20,pcorrect,1,2,85,0,8,1,1
Bitchener & Knoch a,2008,16,1.053687345,0.123827003,1,2,82.65,15.47,17,63.9,18.89,20,pcorrect,1,2,85,8,8,1,1
Bitchener & Knoch a,2008,17,0.638436368,0.110918727,2,2,76.78,20.67,18,63.9,18.89,20,pcorrect,1,2,85,8,8,1,1
Bitchener & Knoch a,2008,18,0.998110086,0.112452797,3,2,80.05,12.09,20,63.9,18.89,20,pcorrect,1,2,85,0,8,1,1
,,,,,,,,,,,,,,,,,,,,
Bitchener & Knoch b,2010,19,0.128555335,0.167010968,1,0,87.08,13.22,12,85.58,8.89,12,pcorrect,1,2,99,3,10,1,1
Bitchener & Knoch b,2010,20,0.556431181,0.124339802,2,0,90.59,8.79,27,85.58,8.89,12,pcorrect,1,2,99,1,10,1,1
Bitchener & Knoch b,2010,21,-0.222649337,0.167699432,3,0,83.08,12.49,12,85.58,8.89,12,pcorrect,1,2,99,3,10,1,1
Bitchener & Knoch b,2010,22,1.363530855,0.205400342,1,1,95.92,5.48,12,86.17,8.08,12,pcorrect,1,2,99,3,10,1,1
Bitchener & Knoch b,2010,23,1.160725169,0.137643228,2,1,93.18,4.71,27,86.17,8.08,12,pcorrect,1,2,99,1,10,1,1
Bitchener & Knoch b,2010,24,1.139968041,0.193740149,3,1,94.17,5.15,12,86.17,8.08,12,pcorrect,1,2,99,3,10,1,1
Bitchener & Knoch b,2010,25,1.125999561,0.193080729,1,2,96.25,4,12,85.92,11.87,12,pcorrect,1,2,99,3,10,1,1
Bitchener & Knoch b,2010,26,0.77688947,0.128108284,2,2,92.76,6.8,27,85.92,11.87,12,pcorrect,1,2,99,1,10,1,1
Bitchener & Knoch b,2010,27,0.994787163,0.187283365,3,2,95.33,5.09,12,85.92,11.87,12,pcorrect,1,2,99,3,10,1,1
,,,,,,,,,,,,,,,,,,,,
Bitchener & Knoch c,2010,28,0.147415627,0.154264065,1,0,62.46,11.98,13,60.17,17.58,13,pcorrect,1,2,99,8,41,1,1
Bitchener & Knoch c,2010,29,-0.249384998,0.155042171,2,0,55.31,20.08,13,60.17,17.58,13,pcorrect,1,2,99,8,41,1,1
Bitchener & Knoch c,2010,30,-0.024375352,0.15385758,3,0,59.69,20.45,13,60.17,17.58,13,pcorrect,1,2,99,0,41,1,1
Bitchener & Knoch c,2010,31,1.320524141,0.187380462,1,1,89.23,8.22,13,67.08,21.45,13,pcorrect,1,2,99,8,41,1,1
Bitchener & Knoch c,2010,32,0.959518987,0.171551475,2,1,83.77,10.36,13,67.08,21.45,13,pcorrect,1,2,99,8,41,1,1
Bitchener & Knoch c,2010,33,0.641599425,0.161762497,3,1,79.15,14.27,13,67.08,21.45,13,pcorrect,1,2,99,0,41,1,1
Bitchener & Knoch c,2010,34,1.28242626,0.185473406,1,2,79.61,10.29,13,56.62,22.29,13,pcorrect,1,2,99,8,41,1,1
Bitchener & Knoch c,2010,35,1.32256611,0.187484252,1,3,84.31,12.33,13,62.46,18.97,13,pcorrect,1,2,99,8,41,1,1
Bitchener & Knoch c,2010,36,2.150484242,0.242780432,1,4,88.38,9.53,13,58.92,16.16,13,pcorrect,1,2,99,8,41,1,1
Bitchener & Knoch c,2010,37,1.202424296,0.181650465,2,2,78.46,11.04,13,56.62,22.29,13,pcorrect,1,2,99,8,41,1,1
Bitchener & Knoch c,2010,38,1.202868268,0.181671001,2,3,81.69,10.93,13,62.46,18.97,13,pcorrect,1,2,99,8,41,1,1
Bitchener & Knoch c,2010,39,2.235960095,0.249990722,2,4,88.77,8.55,13,58.92,16.16,13,pcorrect,1,2,99,8,41,1,1
Bitchener & Knoch c,2010,40,1.214425723,0.182208266,3,2,79.84,13.74,13,56.62,22.29,13,pcorrect,1,2,99,0,41,1,1
Bitchener & Knoch c,2010,41,0.934354475,0.170634967,3,3,78.31,13.41,13,62.46,18.97,13,pcorrect,1,2,99,0,41,1,1
Bitchener & Knoch c,2010,42,1.448138687,0.194175109,3,4,81.46,13.9,13,58.92,16.16,13,pcorrect,1,2,99,0,41,1,1
,,,,,,,,,,,,,,,,,,,,
"Bitchener, Young & Cameron",2005,43,0.208431962,0.112058496,1,0,82.21,7.03,19,80.31,10.64,17,pcorrect,3,3,190,8,12,3,2
"Bitchener, Young & Cameron",2005,44,1.169058403,0.130437019,1,0,91.64,8.66,19,75.69,17.14,17,pcorrect,3,3,190,8,12,3,3
"Bitchener, Young & Cameron",2005,45,0.223349975,0.112147959,1,0,63,37.22,19,55.31,29.15,17,pcorrect,3,3,190,8,12,3,1
"Bitchener, Young & Cameron",2005,46,0.313165599,0.119089304,2,0,83.71,10.56,17,80.31,10.64,17,pcorrect,3,3,190,0,12,3,2
"Bitchener, Young & Cameron",2005,47,0.29463818,0.118923701,2,0,81.07,18.49,17,75.69,17.14,17,pcorrect,3,3,190,0,12,3,3
"Bitchener, Young & Cameron",2005,48,0.456746787,0.120714965,2,0,69.29,30.6,17,55.31,29.15,17,pcorrect,3,3,190,0,12,3,1
"Bitchener, Young & Cameron",2005,49,0.853754276,0.121578669,1,1,84.79,8.92,19,77.38,7.97,17,pcorrect,3,3,190,8,12,3,2
"Bitchener, Young & Cameron",2005,50,0.749260728,0.119252214,1,1,91.5,11.22,19,82.92,11.17,17,pcorrect,3,3,190,8,12,3,3
"Bitchener, Young & Cameron",2005,51,1.743612525,0.153679895,1,1,83.93,14.4,19,47.62,25.45,17,pcorrect,3,3,190,8,12,3,1
"Bitchener, Young & Cameron",2005,52,-0.170742522,0.11807578,2,1,75.79,10.09,17,77.38,7.97,17,pcorrect,3,3,190,0,12,3,2
"Bitchener, Young & Cameron",2005,53,-0.35940398,0.119546636,2,1,77.86,15.91,17,82.92,11.17,17,pcorrect,3,3,190,0,12,3,3
"Bitchener, Young & Cameron",2005,54,0.638906428,0.123650021,2,1,61.93,17.57,17,47.62,25.45,17,pcorrect,3,3,190,0,12,3,1
,,,,,,,,,,,,,,,,,,,,
Bonilla et al,2018,55,-0.309509835,0.07237512,1,0,0.39,0.25,29,0.31,0.26,27,perror2words,10,2,160,0,6,2,0
Bonilla et al,2018,56,-0.078858086,0.072807855,2,0,0.33,0.24,28,0.31,0.26,27,perror2words,10,2,160,2,6,2,0
Bonilla et al,2018,57,0.955452183,0.079670589,1,1,0.18,0.16,29,0.36,0.21,27,perror2words,10,2,160,0,6,2,0
Bonilla et al,2018,58,0.721413064,0.077482566,2,1,0.21,0.2,28,0.36,0.21,27,perror2words,10,2,160,2,6,2,0
Bonilla et al,2018,59,1.531491811,0.092461467,1,2,0.13,0.13,29,0.39,0.2,27,perror2words,10,2,160,0,6,2,0
Bonilla et al,2018,60,0.973920748,0.081374247,2,2,0.22,0.14,28,0.39,0.2,27,perror2words,10,2,160,2,6,2,0
,,,,,,,,,,,,,,,,,,,,
Brown,2017,61,-0.104310884,0.048265314,1,0,21.83,14.44,41,20.3,14.62,42,perror2words,6,2,350,0,8,5,10
Brown,2017,62,0.235274313,0.048533226,1,0,15.13,8.76,41,17.62,11.93,42,perror2words,6,2,350,0,8,5,1
Brown,2017,63,-0.109648728,0.048272194,1,0,6.2,6.35,41,5.58,4.76,42,perror2words,6,2,350,0,8,5,10
Brown,2017,64,-0.005050436,0.048199921,1,0,6.4,4.38,41,6.37,7.05,42,perror2words,6,2,350,0,8,5,10
Brown,2017,65,-0.116576739,0.046615809,2,0,22,14.29,44,20.3,14.62,42,perror2words,6,2,350,2,8,5,10
Brown,2017,66,0.38437516,0.047395775,2,0,13.67,8.18,44,17.62,11.93,42,perror2words,6,2,350,2,8,5,1
Brown,2017,67,-0.19424288,0.046756159,2,0,6.5,4.63,44,5.58,4.76,42,perror2words,6,2,350,2,8,5,10
Brown,2017,68,0.298796712,0.047055863,2,0,4.68,3.74,44,6.37,7.05,42,perror2words,6,2,350,2,8,5,10
Brown,2017,69,0.452113654,0.049431134,1,1,13.46,10.87,41,18.58,11.55,42,perror2words,6,2,350,0,8,5,10
Brown,2017,70,0.660383765,0.050826917,1,1,13.64,8.58,41,19.94,10.23,42,perror2words,6,2,350,0,8,5,1
Brown,2017,71,0.268141895,0.048632901,1,1,6.35,4.3,41,7.85,6.53,42,perror2words,6,2,350,0,8,5,10
Brown,2017,72,0.131849375,0.048304492,1,1,4.95,5.31,41,5.62,4.75,42,perror2words,6,2,350,0,8,5,10
Brown,2017,73,0.078181842,0.048236589,1,2,21.49,14.41,41,22.62,14.23,42,perror2words,6,2,350,0,8,5,10
Brown,2017,74,0.253819525,0.048587866,1,2,14.74,11.14,41,17.46,10.08,42,perror2words,6,2,350,0,8,5,1
Brown,2017,75,-0.33866907,0.048890712,1,2,7.76,6.09,41,5.87,4.92,42,perror2words,6,2,350,0,8,5,10
Brown,2017,76,-0.057499062,0.048219684,1,2,4.71,4.57,41,4.45,4.39,42,perror2words,6,2,350,0,8,5,10
Brown,2017,77,0.482489086,0.04789026,2,1,13.43,9.56,44,18.58,11.55,42,perror2words,6,2,350,2,8,5,10
Brown,2017,78,0.278313186,0.046987135,2,1,16.95,11.03,44,19.94,10.23,42,perror2words,6,2,350,2,8,5,1
Brown,2017,79,0.104333341,0.046600084,2,1,7.19,6.01,44,7.85,6.53,42,perror2words,6,2,350,2,8,5,10
Brown,2017,80,0.252629714,0.046907853,2,1,4.48,4.19,44,5.62,4.75,42,perror2words,6,2,350,2,8,5,10
Brown,2017,81,0.107387854,0.046603844,2,2,20.98,15.95,44,22.62,14.23,42,perror2words,6,2,350,2,8,5,10
Brown,2017,82,0.65193542,0.049007842,2,2,11.65,7.45,44,17.46,10.08,42,perror2words,6,2,350,2,8,5,1
Brown,2017,83,0.385801361,0.047402161,2,2,4.15,3.88,44,5.87,4.92,42,perror2words,6,2,350,2,8,5,10
Brown,2017,84,0.134147432,0.046641422,2,2,3.78,5.43,44,4.45,4.39,42,perror2words,6,2,350,2,8,5,10
,,,,,,,,,,,,,,,,,,,,
Diab a,2015,85,-0.200819772,0.106086195,1,0,0.31,0.39,20,0.23,0.39,18,perror2words,1,2,120,8,16,3,10
Diab a,2015,86,-0.323599428,0.106933405,1,0,3.54,1.21,20,3.08,1.57,18,perror2words,1,2,120,8,16,3,10
Diab a,2015,87,0.20522453,0.108756285,2,0,0.16,0.27,19,0.23,0.39,18,perror2words,1,2,120,3,16,3,10
Diab a,2015,88,0.125135284,0.10839874,2,0,2.85,1.99,19,3.08,1.57,18,perror2words,1,2,120,3,16,3,10
Diab a,2015,89,0.52479715,0.109179398,1,1,0.02,0.06,20,0.07,0.12,18,perror2words,1,2,120,8,16,3,10
Diab a,2015,90,0.187794555,0.106019592,1,1,1.38,0.89,20,1.53,0.64,18,perror2words,1,2,120,8,16,3,10
Diab a,2015,91,-0.305986407,0.109452373,2,1,0.12,0.19,19,0.07,0.12,18,perror2words,1,2,120,3,16,3,10
Diab a,2015,92,0.559333771,0.112414895,2,1,1.22,0.43,19,1.53,0.64,18,perror2words,1,2,120,3,16,3,10
Diab a,2015,93,0.115353581,0.10573064,1,2,0.05,0.08,20,0.06,0.09,18,perror2words,1,2,120,8,16,3,10
Diab a,2015,94,0.929787776,0.116930625,1,2,1.38,0.55,20,1.93,0.61,18,perror2words,1,2,120,8,16,3,10
Diab a,2015,95,0.385882708,0.110199371,2,2,0.03,0.06,19,0.06,0.09,18,perror2words,1,2,120,3,16,3,10
Diab a,2015,96,-0.01076616,0.108188701,2,2,1.94,1.12,19,1.93,0.61,18,perror2words,1,2,120,3,16,3,10
,,,,,,,,,,,,,,,,,,,,
Diab b,2016,97,-0.329110609,0.111582748,1,0,0.21,0.28,21,0.12,0.25,16,perror2words,1,2,120,3,16,1,10
Diab b,2016,98,-0.365775794,0.111927047,1,0,1.61,1.5,21,1.13,0.92,16,perror2words,1,2,120,3,16,1,10
Diab b,2016,99,-0.011305024,0.110120775,1,1,0.22,0.44,21,0.15,9.24,16,perror2words,1,2,120,3,16,1,10
Diab b,2016,100,-0.35928665,0.111863465,1,1,0.87,0.82,21,0.62,0.43,16,perror2words,1,2,120,3,16,1,10
Diab b,2016,101,0,0.110119048,1,2,0.08,0.11,21,0.08,0.11,16,perror2words,1,2,120,3,16,1,10
Diab b,2016,102,-1.278578236,0.13221043,1,2,1.97,1.04,21,0.84,0.55,16,perror2words,1,2,120,3,16,1,10
,,,,,,,,,,,,,,,,,,,,
Dlaska & Krekeler,2013,103,0.099402187,0.02623092,1,0,81.6,10.8,73,80.5,11.2,80,perror2clauses,3,2,70,1,3,2,0
Dlaska & Krekeler,2013,104,-0.433362431,0.029335754,1,0,85.7,13.7,66,90.3,6.6,74,perror2clauses,3,2,70,1,3,2,0
Dlaska & Krekeler,2013,105,0.080973873,0.026410457,2,0,81.4,10.9,72,80.5,11.2,80,perror2clauses,3,2,70,1,3,2,0
Dlaska & Krekeler,2013,106,0.013501063,0.029907631,2,0,90.4,8.2,61,90.3,6.6,74,perror2clauses,3,2,70,1,3,2,0
Dlaska & Krekeler,2013,107,0.210102481,0.026342888,1,1,83.1,11.1,73,80.8,10.7,80,perror2clauses,3,2,70,1,3,2,0
Dlaska & Krekeler,2013,108,-0.093170978,0.028696032,1,1,88.8,10.5,66,89.6,6.3,74,perror2clauses,3,2,70,1,3,2,0
Dlaska & Krekeler,2013,109,0.43722562,0.027017725,2,1,85,8.1,72,80.8,10.7,80,perror2clauses,3,2,70,1,3,2,0
Dlaska & Krekeler,2013,110,0.230014117,0.030102906,2,1,91.2,7.6,61,89.6,6.3,74,perror2clauses,3,2,70,1,3,2,0
,,,,,,,,,,,,,,,,,,,,
Ekiert & di Gennaro,2019,111,-0.178201891,0.10140705,1,0,0.457,0.22,22,0.497,0.22,18,pcorrect,1,2,200,0,11,3,1
Ekiert & di Gennaro,2019,112,-0.065918934,0.099086808,2,0,0.484,0.17,23,0.497,0.22,18,pcorrect,1,2,200,8,11,3,1
Ekiert & di Gennaro,2019,113,-0.149146308,0.101288159,1,1,0.62,0.21,22,0.65,0.18,18,pcorrect,1,2,200,0,11,3,1
Ekiert & di Gennaro,2019,114,-0.547191546,0.102685263,2,1,0.533,0.23,23,0.65,0.18,18,pcorrect,1,2,200,8,11,3,1
Ekiert & di Gennaro,2019,115,-0.173054138,0.101384448,1,2,0.601,0.18,22,0.637,0.23,18,pcorrect,1,2,200,0,11,3,1
Ekiert & di Gennaro,2019,116,-0.278759953,0.099981464,2,2,0.57,0.24,23,0.637,0.23,18,pcorrect,1,2,200,8,11,3,1
,,,,,,,,,,,,,,,,,,,,
Ellis et al,2008,117,0.794979633,0.19618165,1,0,0.734,0.076,11,0.588,0.238,11,pcorrect,1,2,80,0,10,3,1
Ellis et al,2008,118,0.172178359,0.16844978,2,0,0.623,0.153,13,0.588,0.238,11,pcorrect,4,2,80,0,10,3,1
Ellis et al,2008,119,0.421556144,0.185857036,1,1,0.822,0.15,11,0.74,0.218,11,pcorrect,1,2,80,0,10,3,1
Ellis et al,2008,120,0.461227861,0.172264067,2,1,0.829,0.155,13,0.74,0.218,11,pcorrect,4,2,80,0,10,3,1
Ellis et al,2008,121,1.590522697,0.239312783,1,2,0.899,0.076,11,0.663,0.187,11,pcorrect,1,2,80,0,10,3,1
Ellis et al,2008,122,1.000670346,0.188693442,2,2,0.832,0.14,13,0.663,0.187,11,pcorrect,4,2,80,0,10,3,1
,,,,,,,,,,,,,,,,,,,,
"Evans, Hartshorn, & Strong",2011,123,-0.352435857,0.135998755,1,0,0.471,0.112,16,0.514,0.126,14,pcorrectTunit,11,2,75,2,13,35,0
"Evans, Hartshorn, & Strong",2011,124,0.47260979,0.137651238,1,1,0.578,0.109,16,0.503,0.194,14,pcorrectTunit,11,2,75,2,13,35,0
,,,,,,,,,,,,,,,,,,,,
Fazio,2001,125,-0.237407413,0.130075736,1,0,0.101,0.047,16,0.086,0.074,15,perror,6,0,150,0,16,6,0
Fazio,2001,126,-0.168763078,0.133808016,2,0,0.098,0.064,15,0.086,0.074,15,perror,6,0,150,1,16,6,0
Fazio,2001,127,-0.348552268,0.131126162,1,1,0.13,0.123,16,0.095,0.06,15,perror,6,0,150,0,16,6,0
Fazio,2001,128,-0.71844914,0.141936153,2,1,0.155,0.098,15,0.095,0.06,15,perror,6,0,150,1,16,6,0
,,,,,,,,,,,,,,,,,,,,
Frear & Chiu,2016,129,0.452881097,0.149495856,1,0,72.38,13.72,12,64.1,20.2,16,TLU,1,0,110,1,4,1,2
Frear & Chiu,2016,130,0.299601029,0.135424584,2,0,69.84,16.66,14,64.1,20.2,16,TLU,1,0,110,1,4,1,2
Frear & Chiu,2016,131,0.798314839,0.157213808,1,1,86.32,12.05,12,65.86,31.09,16,TLU,1,0,110,1,4,1,2
Frear & Chiu,2016,132,0.86819611,0.146491313,2,1,87.37,11.67,14,65.86,31.09,16,TLU,1,0,110,1,4,1,2
Frear & Chiu,2016,133,0.897354597,0.160212713,1,2,84.4,10.09,12,62.94,29.32,16,TLU,1,0,110,1,4,1,2
Frear & Chiu,2016,134,0.861960588,0.146311506,2,2,83.55,13.18,14,62.94,29.32,16,TLU,1,0,110,1,4,1,2
,,,,,,,,,,,,,,,,,,,,
Guo,2015,135,-0.658499531,0.081206476,1,0,57.82,18.14,25,68.8,14.66,27,pcorrect,5,0,85,1,17,1,0
Guo,2015,136,-0.532236166,0.081480913,2,0,60.41,16.44,24,68.8,14.66,27,pcorrect,5,0,85,2,17,1,0
Guo,2015,137,-0.570890593,0.081898959,3,0,59.26,18.27,24,68.8,14.66,27,pcorrect,5,0,85,3,17,1,0
Guo,2015,138,-0.749679749,0.084213701,4,0,56.54,17.59,24,68.8,14.66,27,pcorrect,5,0,85,0,17,1,0
Guo,2015,139,-0.38350913,0.08198609,5,0,62.12,19.68,23,68.8,14.66,27,pcorrect,5,0,85,8,17,1,0
Guo,2015,140,-0.033628301,0.077047911,1,1,67.79,17.52,25,68.37,16.48,27,pcorrect,5,0,85,1,17,1,0
Guo,2015,141,0.293133326,0.079546127,2,1,72.96,14.12,24,68.37,16.48,27,pcorrect,5,0,85,2,17,1,0
Guo,2015,142,0.402648299,0.080293171,3,1,75.4,17.96,24,68.37,16.48,27,pcorrect,5,0,85,3,17,1,0
Guo,2015,143,0.437523248,0.080580435,4,1,75.08,13.37,24,68.37,16.48,27,pcorrect,5,0,85,0,17,1,0
Guo,2015,144,0.5579224,0.083628072,5,1,77.1,14.02,23,68.37,16.48,27,pcorrect,5,0,85,8,17,1,0
Guo,2015,145,-0.285790253,0.077822384,1,2,65.11,17.74,25,69.81,14.63,27,pcorrect,5,0,85,1,17,1,0
Guo,2015,146,-0.019760243,0.078707532,2,2,69.51,15.3,24,69.81,14.63,27,pcorrect,5,0,85,2,17,1,0
Guo,2015,147,-0.200968999,0.07909967,3,2,66.43,18.5,24,69.81,14.63,27,pcorrect,5,0,85,3,17,1,0
Guo,2015,148,0.151655435,0.078929188,4,2,72.18,16.2,24,69.81,14.63,27,pcorrect,5,0,85,0,17,1,0
Guo,2015,149,0.125360162,0.08067245,5,2,71.74,15.75,23,69.81,14.63,27,pcorrect,5,0,85,8,17,1,0
Guo,2015,150,0.188322329,0.07737805,1,3,72.62,13.72,25,69.3,20.15,27,pcorrect,5,0,85,1,17,1,0
Guo,2015,151,-0.24095314,0.079272904,2,3,64.49,19.08,24,69.3,20.15,27,pcorrect,5,0,85,2,17,1,0
Guo,2015,152,0.200726612,0.079098715,3,3,72.87,13.94,24,69.3,20.15,27,pcorrect,5,0,85,3,17,1,0
Guo,2015,153,-0.015193658,0.078705967,4,3,68.99,20.02,24,69.3,20.15,27,pcorrect,5,0,85,0,17,1,0
Guo,2015,154,0.335968022,0.081644043,5,3,75.4,14.73,23,69.3,20.15,27,pcorrect,5,0,85,8,17,1,0
,,,,,,,,,,,,,,,,,,,,
Hartshorn & Evans,2015,155,0.474585312,0.154170948,1,0,0.215,0.124,15,0.156,0.116,12,pcorrectTunit,11,2,100,2,30,8,0
Hartshorn & Evans,2015,156,1.43629659,0.188202739,1,1,0.362,0.158,15,0.164,0.094,12,pcorrectTunit,11,2,100,2,30,8,0
,,,,,,,,,,,,,,,,,,,,
Hartshorn,2008,157,-0.43705383,0.09037795,1,0,79.66,16.05,28,86.62,15.05,19,pcorrectTunit,11,2,70,2,15,,1
Hartshorn,2008,158,-0.649284413,0.092830655,1,0,71.68,16.79,28,81.23,10,19,pcorrectTunit,11,2,70,2,15,,1
Hartshorn,2008,159,-0.053712258,0.088376556,1,0,95.8,5.17,28,96.07,4.58,19,pcorrectTunit,11,2,70,2,15,,10
Hartshorn,2008,160,-0.264881155,0.089092269,1,0,93.63,6.9,28,95.31,5.08,19,pcorrectTunit,11,2,70,2,15,,10
Hartshorn,2008,161,0.328969028,0.089497148,1,1,84.81,15.28,28,79.44,17.14,19,pcorrectTunit,11,2,70,2,15,,1
Hartshorn,2008,162,0.17556583,0.088673773,1,1,79.31,15.17,28,76.84,11.54,19,pcorrectTunit,11,2,70,2,15,,1
Hartshorn,2008,163,0.421012917,0.090231523,1,1,97.86,3.05,28,96.47,3.52,19,pcorrectTunit,11,2,70,2,15,,10
Hartshorn,2008,164,-0.411276117,0.090145312,1,1,93.31,8.23,28,96.25,4.68,19,pcorrectTunit,11,2,70,2,15,,10
,,,,,,,,,,,,,,,,,,,,
Jhowry,2010,165,-0.544895591,0.20742278,1,0,0.41,0.3,10,0.54,0.12,10,pcorrect2correcterror,1,2,170,1,7,4,0
Jhowry,2010,166,-0.34118049,0.202910103,1,1,0.57,0.37,10,0.69,0.3,10,pcorrect2correcterror,1,2,170,1,7,4,0
,,,,,,,,,,,,,,,,,,,,
Jiang Xiao,2014,167,0.070516068,0.065773517,1,0,0.36,0.14,29,0.35,0.14,32,TLU,1,2,80,0,8,2,1
Jiang Xiao,2014,168,-0.177978266,0.063759463,2,0,0.32,0.19,31,0.35,0.14,32,TLU,1,2,80,0,8,2,1
Jiang Xiao,2014,169,1.257084579,0.078685723,1,1,0.51,0.12,29,0.37,0.1,32,TLU,1,2,80,0,8,2,1
Jiang Xiao,2014,170,0.639912254,0.066757967,2,1,0.46,0.17,31,0.37,0.1,32,TLU,1,2,80,0,8,2,1
Jiang Xiao,2014,171,1.655982945,0.08821046,1,2,0.53,0.09,29,0.37,0.1,32,TLU,1,2,80,0,8,2,1
Jiang Xiao,2014,172,0.853404877,0.069288222,2,2,0.47,0.13,31,0.37,0.1,32,TLU,1,2,80,0,8,2,1
,,,,,,,,,,,,,,,,,,,,
Karim & Endley,2019,173,-0.389750855,0.090973556,1,0,32.75,20.68,24,24.52,20.82,21,perror2clauses,1,2,90,0,6,2,2
Karim & Endley,2019,174,-0.816411437,0.098671486,2,0,40.95,18.75,23,24.52,20.82,21,perror2clauses,1,2,90,1,6,2,2
Karim & Endley,2019,175,-0.179564626,0.103587981,3,0,28.22,19.41,18,24.52,20.82,21,perror2clauses,1,2,90,3,6,2,2
Karim & Endley,2019,176,-0.019248455,0.089289831,1,1,24.95,16,24,24.61,18.79,21,perror2clauses,1,2,90,0,6,2,2
Karim & Endley,2019,177,0.371524907,0.09266584,2,1,18.52,13.18,23,24.61,18.79,21,perror2clauses,1,2,90,1,6,2,2
Karim & Endley,2019,178,-0.503109603,0.106419722,3,1,35.5,23.73,18,24.61,18.79,21,perror2clauses,1,2,90,3,6,2,2
Karim & Endley,2019,179,0.636790469,0.093791293,1,2,11.5,11.72,24,21.23,18.07,21,perror2clauses,1,2,90,0,6,2,2
Karim & Endley,2019,180,0.324534583,0.090455966,1,3,16.2,14.33,24,21.52,17.93,21,perror2clauses,1,2,90,0,6,2,2
Karim & Endley,2019,181,0.863517475,0.099570745,2,2,8.65,9.69,23,21.23,18.07,21,perror2clauses,1,2,90,1,6,2,2
Karim & Endley,2019,182,0.493256745,0.093862106,2,3,11.78,20.63,23,21.52,17.93,21,perror2clauses,1,2,90,1,6,2,2
Karim & Endley,2019,183,0.081995131,0.103260798,3,2,19.88,13.49,18,21.23,18.07,21,perror2clauses,1,2,90,3,6,2,2
Karim & Endley,2019,184,-0.46996297,0.106006208,3,3,30.33,18.86,18,21.52,17.93,21,perror2clauses,1,2,90,3,6,2,2
,,,,,,,,,,,,,,,,,,,,
Karim & Nassaji,2018,185,,,1,0,,,14,,,12,pcorrect2correcterror,,2,90,0,3,3,0
Karim & Nassaji,2018,186,,,2,0,,,13,,,12,pcorrect2correcterror,,2,90,1,3,3,0
Karim & Nassaji,2018,187,,,1,1,,,14,,,12,pcorrect2correcterror,,2,90,0,3,3,0
Karim & Nassaji,2018,188,,,2,1,,,13,,,12,pcorrect2correcterror,,2,90,1,3,3,0
,,,,,,,,,,,,,,,,,,,,
Kassim & Ng,2014,189,-0.009053555,0.06666735,1,0,71.04,9.63,30,71.13,9.99,30,pcorrect,1,2,250,1,12,2,2
Kassim & Ng,2014,190,0.105670156,0.066759718,2,0,72.17,9.43,30,71.13,9.99,30,pcorrect,1,2,250,1,12,2,2
Kassim & Ng,2014,191,0.824349616,0.072329602,1,1,77.8,9.55,30,70.37,8.19,30,pcorrect,1,2,250,1,12,2,2
Kassim & Ng,2014,192,1.468952536,0.084648513,2,1,81.77,7.09,30,70.37,8.19,30,pcorrect,1,2,250,1,12,2,2
Kassim & Ng,2014,193,0.909120067,0.073554161,1,2,78.27,9.28,30,70.2,8.21,30,pcorrect,1,2,250,1,12,2,2
Kassim & Ng,2014,194,1.452524139,0.084248553,2,2,81.3,6.81,30,70.2,8.21,30,pcorrect,1,2,250,1,12,2,2
,,,,,,,,,,,,,,,,,,,,
Mubarak,2013,195,-0.527620906,0.140386337,1,0,0.395,0.28,17,0.545,0.272,13,pcorrectTunit,12,2,140,0,12,12,0
Mubarak,2013,196,-0.167765237,0.136215693,1,0,0.1,0.046,17,0.093,0.032,13,pcorrectTunit,12,2,140,0,12,12,0
Mubarak,2013,197,-0.229014715,0.136620735,1,0,53.7,24.26,17,59.15,21.59,13,pcorrectTunit,12,2,140,0,12,12,0
Mubarak,2013,198,0.375217864,0.13809308,1,0,57.11,23.89,17,48.23,21.82,13,pcorrectTunit,12,2,140,0,12,12,0
Mubarak,2013,199,-0.346613596,0.141494473,2,0,0.446,0.282,16,0.545,0.272,13,pcorrectTunit,12,2,140,1,12,12,0
Mubarak,2013,200,-0.37738463,0.14187858,2,0,0.105,0.03,16,0.093,0.032,13,pcorrectTunit,12,2,140,1,12,12,0
Mubarak,2013,201,0.20869431,0.140173996,2,0,63.43,18.5,16,59.15,21.59,13,pcorrectTunit,12,2,140,1,12,12,0
Mubarak,2013,202,0.393402035,0.142091442,2,0,55.25,12.67,16,48.23,21.82,13,pcorrectTunit,12,2,140,1,12,12,0
Mubarak,2013,203,0.404258171,0.138470351,1,1,0.62,0.237,17,0.516,0.267,13,pcorrectTunit,12,2,140,0,12,12,0
Mubarak,2013,204,1.078283621,0.155124866,1,1,0.055,0.023,17,0.083,0.028,13,pcorrectTunit,12,2,140,0,12,12,0
Mubarak,2013,205,0.13746819,0.136061565,1,1,76.05,19.04,17,73.46,17.34,13,pcorrectTunit,12,2,140,0,12,12,0
Mubarak,2013,206,0.283480426,0.137085959,1,1,71.76,25.8,17,64.76,21.43,13,pcorrectTunit,12,2,140,0,12,12,0
Mubarak,2013,207,-0.060360644,0.139485894,2,1,0.499,0.279,16,0.516,0.267,13,pcorrectTunit,12,2,140,1,12,12,0
Mubarak,2013,208,1.083632153,0.159668916,2,1,0.053,0.026,16,0.083,0.028,13,pcorrectTunit,12,2,140,1,12,12,0
Mubarak,2013,209,0.013125353,0.139426047,2,1,73.68,15.4,16,73.46,17.34,13,pcorrectTunit,12,2,140,1,12,12,0
Mubarak,2013,210,0.539306277,0.144437754,2,1,75.87,18.82,16,64.76,21.43,13,pcorrectTunit,12,2,140,1,12,12,0
Mubarak,2013,211,0.39949889,0.138406596,1,2,0.52,0.205,17,0.436,0.204,13,pcorrectTunit,12,2,140,0,12,12,0
Mubarak,2013,212,-0.532243843,0.140467998,1,2,0.062,0.027,17,0.078,0.032,13,pcorrectTunit,12,2,140,0,12,12,0
Mubarak,2013,213,0.005544407,0.135747119,1,2,67.17,20.1,17,67.07,13.41,13,pcorrectTunit,12,2,140,0,12,12,0
Mubarak,2013,214,0.154048411,0.136142122,1,2,63.76,19.25,17,61,14.66,13,pcorrectTunit,12,2,140,0,12,12,0
Mubarak,2013,215,0.375974093,0.141860258,2,2,0.513,0.195,16,0.436,0.204,13,pcorrectTunit,12,2,140,1,12,12,0
Mubarak,2013,216,-0.754875229,0.149247846,2,2,0.056,0.025,16,0.078,0.032,13,pcorrectTunit,12,2,140,1,12,12,0
Mubarak,2013,217,0.047255226,0.139461578,2,2,67.75,14.43,16,67.07,13.41,13,pcorrectTunit,12,2,140,1,12,12,0
Mubarak,2013,218,0.367474641,0.141751312,2,2,65.62,9.84,16,61,14.66,13,pcorrectTunit,12,2,140,1,12,12,0
,,,,,,,,,,,,,,,,,,,,
Munoz,2011,219,-0.319782538,0.107944928,1,0,13.02,7.62,25,10.76,5.54,15,perror2words,1,2,250,2,16,4,0
Munoz,2011,220,0.001806824,0.112121256,2,0,10.75,5.33,22,10.76,5.54,15,perror2words,1,2,250,1,16,4,0
Munoz,2011,221,0.153561393,0.10696143,1,1,9.79,7.11,25,10.85,6.13,15,perror2words,1,2,250,2,16,4,0
Munoz,2011,222,-0.118543118,0.11231111,2,1,11.51,4.94,22,10.85,6.13,15,perror2words,1,2,250,1,16,4,0
,,,,,,,,,,,,,,,,,,,,
Nakazawa,2006,223,,,1,0,,,15,,,10,perror,4,2,90,0,15,5,0
Nakazawa,2006,224,,,2,0,,,16,,,10,perror,4,2,90,2,15,5,0
Nakazawa,2006,225,,,3,0,,,17,,,10,perror,4,2,90,0,15,5,0
Nakazawa,2006,226,,,1,1,,,15,,,10,perror,4,2,90,0,15,5,0
Nakazawa,2006,227,,,2,1,,,16,,,10,perror,4,2,90,2,15,5,0
Nakazawa,2006,228,,,3,1,,,17,,,10,perror,4,2,90,0,15,5,0
,,,,,,,,,,,,,,,,,,,,
Nemati et al,2019,229,0.29070983,0.070023655,1,0,39.18,4.29,27,37.7,5.58,31,TLU,1,3,,0,5,4,3
Nemati et al,2019,230,0.572635587,0.069473419,2,0,40.86,5.3,29,37.7,5.58,31,TLU,1,3,,1,5,4,3
Nemati et al,2019,231,4.119230665,0.215571492,1,1,70.33,12.87,27,22.87,9.88,31,TLU,1,3,,0,5,4,3
Nemati et al,2019,232,1.935516908,0.097959371,2,1,48.24,15.56,29,22.87,9.88,31,TLU,1,3,,1,5,4,3
Nemati et al,2019,233,3.977800214,0.205699365,1,2,57.59,12.66,27,16.41,7.47,31,TLU,1,3,,0,5,4,3
Nemati et al,2019,234,1.924772471,0.097613732,2,2,35.48,11.76,29,16.41,7.47,31,TLU,1,3,,1,5,4,3
,,,,,,,,,,,,,,,,,,,,
Nusrat et al,2019,235,0.129451633,0.080167577,1,0,1.92,0.7,25,2,0.5,25,perror2words,3,2,55,2,12,2,1
Nusrat et al,2019,236,0.116652139,0.080136077,1,0,1.88,0.67,25,1.96,0.68,25,perror2words,3,2,55,2,12,2,2
Nusrat et al,2019,237,-0.290595828,0.080844459,1,0,1.56,0.77,25,1.36,0.57,25,perror2words,3,2,55,2,12,2,3
Nusrat et al,2019,238,-0.060117426,0.080036141,1,2,1.96,0.73,25,1.92,0.57,25,perror2words,3,2,55,2,12,2,1
Nusrat et al,2019,239,-0.116677749,0.080136137,1,2,2.24,0.78,25,2.16,0.55,25,perror2words,3,2,55,2,12,2,2
Nusrat et al,2019,240,1.013271431,0.09026719,1,2,0.8,0.5,25,1.64,1.04,25,perror2words,3,2,55,2,12,2,3
,,,,,,,,,,,,,,,,,,,,
Pariyanto & Cahyono,2016,241,-0.098151818,0.160449086,1,0,7.52,0.78,13,7.61,0.99,12,perror,9,2,200,0,12,7,0
Pariyanto & Cahyono,2016,242,0.746956493,0.17141529,1,1,8.53,0.71,13,7.79,1.17,12,perror,9,2,200,0,12,7,0
Pariyanto & Cahyono,2016,243,-0.08366802,0.160396417,1,2,7.8,1.04,13,7.9,1.27,12,perror,9,2,200,0,12,7,0
,,,,,,,,,,,,,,,,,,,,
Parreno,2015,244,-0.040075356,0.114402028,1,0,2.79,2.12,18,2.72,1.11,17,perror,3,0,150,1,15,7,0
Parreno,2015,245,0.234172573,0.115162468,1,0,2.07,1.6,18,2.45,1.57,17,perror,3,0,150,1,15,7,0
Parreno,2015,246,0.132176697,0.114628666,1,0,1.07,0.71,18,1.18,0.91,17,perror,3,0,150,1,15,7,0
Parreno,2015,247,0.218445122,0.115060775,1,0,1.36,0.6,18,1.53,0.9,17,perror,3,0,150,1,15,7,0
Parreno,2015,248,-0.448260375,0.139095562,2,0,3.26,1.25,13,2.72,1.11,17,perror,3,0,150,0,15,7,0
Parreno,2015,249,0.211613721,0.136492946,2,0,2.1,1.66,13,2.45,1.57,17,perror,3,0,150,0,15,7,0
Parreno,2015,250,-0.15437873,0.13614382,2,0,1.3,0.48,13,1.18,0.91,17,perror,3,0,150,0,15,7,0
Parreno,2015,251,0.174056924,0.136251537,2,0,1.4,0.39,13,1.53,0.9,17,perror,3,0,150,0,15,7,0
Parreno,2015,252,-0.373859319,0.110712324,3,0,3.4,2.19,20,2.72,1.11,17,perror,3,0,150,2,15,7,0
Parreno,2015,253,0.219038806,0.109471881,3,0,2.15,1.11,20,2.45,1.57,17,perror,3,0,150,2,15,7,0
Parreno,2015,254,-0.0801188,0.108910273,3,0,1.24,0.54,20,1.18,0.91,17,perror,3,0,150,2,15,7,0
Parreno,2015,255,0.44210009,0.111464779,3,0,1.22,0.43,20,1.53,0.9,17,perror,3,0,150,2,15,7,0
Parreno,2015,256,0.391049145,0.116563648,1,1,1.83,1.77,18,2.49,1.51,17,perror,3,0,150,1,15,7,0
Parreno,2015,257,0.231322927,0.115143518,1,1,2.01,1.98,18,2.45,1.72,17,perror,3,0,150,1,15,7,0
Parreno,2015,258,0.767255957,0.122788824,1,1,1.03,0.5,18,1.65,1.01,17,perror,3,0,150,1,15,7,0
Parreno,2015,259,0.769682682,0.122842105,1,1,0.91,0.62,18,1.41,0.65,17,perror,3,0,150,1,15,7,0
Parreno,2015,260,-0.530556034,0.140438101,2,1,3.33,1.58,13,2.49,1.51,17,perror,3,0,150,0,15,7,0
Parreno,2015,261,0.233171832,0.136652758,2,1,2.01,1.98,13,2.45,1.72,17,perror,3,0,150,0,15,7,0
Parreno,2015,262,0.550431394,0.140796185,2,1,1.15,0.68,13,1.65,1.01,17,perror,3,0,150,0,15,7,0
Parreno,2015,263,0.722208123,0.144439683,2,1,0.94,0.61,13,1.41,0.65,17,perror,3,0,150,0,15,7,0
Parreno,2015,264,0.675513876,0.114990002,3,1,1.59,1.1,20,2.49,1.51,17,perror,3,0,150,2,15,7,0
Parreno,2015,265,1.583081115,0.142690365,3,1,0.52,0.36,20,2.45,1.72,17,perror,3,0,150,2,15,7,0
Parreno,2015,266,1.564256258,0.141889714,3,1,0.47,0.38,20,1.65,1.01,17,perror,3,0,150,2,15,7,0
Parreno,2015,267,1.412601399,0.135788971,3,1,0.51,0.6,20,1.41,0.65,17,perror,3,0,150,2,15,7,0
,,,,,,,,,,,,,,,,,,,,
Pashazadeh,2017,268,0.23846088,0.091743486,1,0,17.58,12.53,23,14.94,8.69,21,TLU,2,2,120,0,6,2,0
Pashazadeh,2017,269,0.161451785,0.10678556,2,0,16.36,8.51,17,14.94,8.69,21,TLU,3,2,120,0,6,2,0
Pashazadeh,2017,270,-0.230907412,0.110839564,3,0,13.01,7.44,16,14.94,8.69,21,TLU,3,2,120,0,6,2,0
Pashazadeh,2017,271,1.271048788,0.109456002,1,1,33.41,15.65,23,17.14,7.9,21,TLU,2,2,120,0,6,2,0
Pashazadeh,2017,272,0.48472699,0.109534159,2,1,23.64,17.6,17,17.14,7.9,21,TLU,3,2,120,0,6,2,0
Pashazadeh,2017,273,0.941672262,0.12210211,3,1,28.03,14.68,16,17.14,7.9,21,TLU,3,2,120,0,6,2,0
Pashazadeh,2017,274,0.514842526,0.094109386,1,2,22.12,8.57,23,17.42,9.38,21,TLU,2,2,120,0,6,2,0
Pashazadeh,2017,275,0.080823282,0.10652853,2,2,18.19,9.26,17,17.42,9.38,21,TLU,3,2,120,0,6,2,0
Pashazadeh,2017,276,-0.266600542,0.111079532,3,2,15.08,7.4,16,17.42,9.38,21,TLU,3,2,120,0,6,2,0
,,,,,,,,,,,,,,,,,,,,
Polio & Fleck,1998,277,0.066377258,0.061703721,1,0,0.263,0.14,34,0.254,0.127,31,pcorrectTunit,5,2,150,8,14,14,0
Polio & Fleck,1998,278,0.132126111,0.061804116,1,0,0.208,0.127,34,0.192,0.111,31,pcorrectTunit,5,2,150,8,14,14,0
Polio & Fleck,1998,279,0.097615658,0.061743128,1,1,0.311,0.132,34,0.296,0.171,31,pcorrectTunit,5,2,150,8,14,14,0
Polio & Fleck,1998,280,0.013861161,0.061671307,1,1,0.249,0.127,34,0.235,1.44,31,pcorrectTunit,5,2,150,8,14,14,0
,,,,,,,,,,,,,,,,,,,,
Rahimi,2009,281,0.135262062,0.068442086,1,0,12.28,9.56,32,13.57,9.23,27,perror2words,5,2,300,2,16,3,0
Rahimi,2009,282,0.581566296,0.071153303,1,1,5.6,3.52,32,8.32,5.65,27,perror2words,5,2,300,2,16,3,0
,,,,,,,,,,,,,,,,,,,,
Rummel & Bitchener,2015,283,-0.560688583,0.198394131,1,0,85.19,9.22,10,90.49,8.94,11,pcorrect,1,3,250,0,7,2,3
Rummel & Bitchener,2015,284,-0.586449484,0.199097734,2,0,83.31,14.24,10,90.49,8.94,11,pcorrect,1,3,250,2,7,2,3
Rummel & Bitchener,2015,285,-0.609307803,0.190255818,3,0,84.77,9.12,11,90.49,8.94,11,pcorrect,1,3,250,3,7,2,3
Rummel & Bitchener,2015,286,0.488276427,0.196585612,1,1,94.47,8.89,10,90.73,5.62,11,pcorrect,1,3,250,0,7,2,3
Rummel & Bitchener,2015,287,0.897754424,0.210098686,2,1,95.77,5.12,10,90.73,5.62,11,pcorrect,1,3,250,2,7,2,3
Rummel & Bitchener,2015,288,0.88464818,0.1996046,3,1,96.22,6.3,11,90.73,5.62,11,pcorrect,1,3,250,3,7,2,3
Rummel & Bitchener,2015,289,0.040148953,0.19094747,1,2,91.23,8.21,10,90.91,7.11,11,pcorrect,1,3,250,0,7,2,3
Rummel & Bitchener,2015,290,0.06657854,0.191014631,2,2,91.52,10.35,10,90.91,7.11,11,pcorrect,1,3,250,2,7,2,3
Rummel & Bitchener,2015,291,0.184385446,0.182590863,3,2,92.38,8.19,11,90.91,7.11,11,pcorrect,1,3,250,3,7,2,3
,,,,,,,,,,,,,,,,,,,,
Seiffedin & El-Sakka,2017,292,0.912180764,0.092145696,1,0,21.6,2.96,25,18.84,2.9935,23,meannerror,5,2,99,1,10,9,0
Seiffedin & El-Sakka,2017,293,6.412906219,0.511867492,1,1,36.62,2.19,25,21.24,2.5304,23,meannerror,5,2,99,1,10,9,0
,,,,,,,,,,,,,,,,,,,,
Sheen a,2007,294,-0.201447021,0.068316256,1,0,53.1,19.8,31,57.3,21.4,28,TLU,1,1,90,0,,2,1
Sheen a,2007,295,0.013975505,0.066965913,2,0,57.6,21,32,57.3,21.4,28,TLU,1,1,90,8,,2,1
Sheen a,2007,296,0.10355234,0.068063224,1,1,66.3,21.4,31,63.9,24.4,28,TLU,1,1,90,0,,2,1
Sheen a,2007,297,0.452278426,0.068668917,2,1,73.9,19.3,32,63.9,24.4,28,TLU,1,1,90,8,,2,1
Sheen a,2007,298,0.046384375,0.067990583,1,2,64.9,19.8,31,63.9,22.8,28,TLU,1,1,90,0,,2,1
Sheen a,2007,299,0.715090508,0.071225573,2,2,78.8,18.4,32,63.9,22.8,28,TLU,1,1,90,8,,2,1
,,,,,,,,,,,,,,,,,,,,
Sheen b,2010,300,-0.317822687,0.068828378,1,0,44.1,11.9,31,48.3,14.2,28,TLU,1,1,85,0,,1,1
Sheen b,2010,301,0.081721352,0.067019939,2,0,49.6,16.9,32,48.3,14.2,28,TLU,1,1,85,8,,1,1
Sheen b,2010,302,0.396170947,0.069302447,1,1,58.3,15.3,31,52.1,15.6,28,TLU,1,1,85,0,,1,1
Sheen b,2010,303,0.821578782,0.072589217,2,1,65.4,16.3,32,52.1,15.6,28,TLU,1,1,85,8,,1,1
Sheen b,2010,304,0.40687499,0.069375293,1,2,57.5,14.4,31,51.2,16.2,28,TLU,1,1,85,0,,1,1
Sheen b,2010,305,1.142323497,0.077838477,2,2,69.4,15.3,32,51.2,16.2,28,TLU,1,1,85,8,,1,1
,,,,,,,,,,,,,,,,,,,,
Sheen et al,2009,306,0.51661103,0.101340843,1,0,60.2,13.1,22,53,14.3,19,meannerror,1,2,,0,9,2,1
Sheen et al,2009,307,0.268921126,0.108906106,1,0,60.2,13.1,22,56.4,14.8,16,meannerror,1,2,,0,9,2,1
Sheen et al,2009,308,-0.236330639,0.096774747,1,0,55.9,11.9,23,58.9,13.1,19,meannerror,5,2,,0,9,2,0
Sheen et al,2009,309,0.100469662,0.106107673,1,0,55.9,11.9,23,54.7,11.4,16,meannerror,5,2,,0,9,2,0
Sheen et al,2009,310,0.273383853,0.096999587,2,0,57,14.4,23,53,14.3,19,meannerror,5,2,,0,9,2,1
Sheen et al,2009,311,0.040357173,0.105999142,2,0,57,14.4,23,56.4,14.8,16,meannerror,5,2,,0,9,2,1
Sheen et al,2009,312,0.006577543,0.098086652,2,0,59,16.3,22,58.9,13.1,19,meannerror,1,2,,0,9,2,1
Sheen et al,2009,313,0.291095385,0.1090695,2,0,59,16.3,22,54.7,11.4,16,meannerror,1,2,,0,9,2,1
Sheen et al,2009,314,0.976884408,0.109723968,1,1,77.5,13.6,22,62.8,16,19,meannerror,1,2,,0,9,2,1
Sheen et al,2009,315,0.940257571,0.119587234,1,1,77.5,13.6,22,63.3,16.3,16,meannerror,1,2,,0,9,2,1
Sheen et al,2009,316,0.285547579,0.097080523,1,1,67.4,13.4,23,63.5,13.4,19,meannerror,5,2,,0,9,2,0
Sheen et al,2009,317,-0.675038742,0.111820278,1,1,67.4,13.4,23,75.5,8.8,16,meannerror,5,2,,0,9,2,0
Sheen et al,2009,318,-0.005055788,0.096110144,2,1,62.7,21.8,23,62.8,16,19,meannerror,5,2,,0,9,2,1
Sheen et al,2009,319,-0.029750474,0.105989608,2,1,62.7,21.8,23,63.3,16.3,16,meannerror,5,2,,0,9,2,1
Sheen et al,2009,320,0.854673177,0.106994249,2,1,75.9,14.9,22,63.5,13.4,19,meannerror,1,2,,0,9,2,1
Sheen et al,2009,321,0.030788514,0.107967018,2,1,75.9,14.9,22,75.5,8.8,16,meannerror,1,2,,0,9,2,1
Sheen et al,2009,322,1.215367762,0.116099768,1,2,78,13.9,22,60.6,14.2,19,meannerror,1,2,,0,9,2,1
Sheen et al,2009,323,0.311068448,0.10922775,1,2,78,13.9,22,73.8,12.2,16,meannerror,1,2,,0,9,2,1
Sheen et al,2009,324,0.053299777,0.09614366,1,2,67.9,11.6,23,67.2,14.3,19,meannerror,5,2,,0,9,2,0
Sheen et al,2009,325,-0.368731602,0.107721376,1,2,67.9,11.6,23,71.9,9.01,16,meannerror,5,2,,0,9,2,0
Sheen et al,2009,326,0.387152046,0.097894205,2,2,67,17.7,23,60.6,14.2,19,meannerror,5,2,,0,9,2,1
Sheen et al,2009,327,-0.42415897,0.10828481,2,2,67,17.7,23,73.8,12.2,16,meannerror,5,2,,0,9,2,1
Sheen et al,2009,328,0.446542577,0.100517835,2,2,73.4,13,22,67.2,14.3,19,meannerror,1,2,,0,9,2,1
Sheen et al,2009,329,0.12761879,0.108168842,2,2,73.4,13,22,71.9,9.01,16,meannerror,1,2,,0,9,2,1
,,,,,,,,,,,,,,,,,,,,
Shintani & Ellis,2013,330,0.052536143,0.139470664,1,0,0.34,0.37,13,0.32,0.37,16,TLU,1,2,150,3,4,1,1
Shintani & Ellis,2013,331,0.129898184,0.129438821,2,0,0.37,0.38,15,0.32,0.37,16,TLU,1,2,150,0,4,1,1
Shintani & Ellis,2013,332,1.217486392,0.16497951,1,1,0.72,0.34,13,0.28,0.36,16,TLU,1,2,150,3,4,1,1
Shintani & Ellis,2013,333,0.114896879,0.139650685,1,2,0.39,0.36,13,0.35,0.32,16,TLU,1,2,150,3,4,1,1
Shintani & Ellis,2013,334,0.703354156,0.137145813,2,1,0.54,0.36,15,0.28,0.36,16,TLU,1,2,150,0,4,1,1
Shintani & Ellis,2013,335,0.401127018,0.131761874,2,2,0.49,0.36,15,0.35,0.32,16,TLU,1,2,150,0,4,1,1
,,,,,,,,,,,,,,,,,,,,
Sobhani & Tayebipour,2015,336,0.010825603,0.133335287,1,0,15.05,2,15,15.03,1.569,15,ncorrect,8,3,100,1,2,1,0
Sobhani & Tayebipour,2015,337,0.093281696,0.133478358,2,0,15.18,1.56,15,15.03,1.569,15,ncorrect,3,3,100,1,2,1,0
Sobhani & Tayebipour,2015,338,0.357723742,0.135466105,1,1,15.93,1.951,15,15.25,1.742,15,ncorrect,8,3,100,1,2,1,0
Sobhani & Tayebipour,2015,339,0.51862796,0.137816249,2,1,16.21,1.858,15,15.25,1.742,15,ncorrect,3,3,100,1,2,1,0
,,,,,,,,,,,,,,,,,,,,
Stefanou & Revesz,2015,340,0.6180401,0.071053156,1,0,3.4,0.89,30,2.69,1.34,29,meannerror,1,1,,0,5,2,1
Stefanou & Revesz,2015,341,-0.567192144,0.070542422,1,0,0.97,1.07,30,1.72,1.51,29,meannerror,1,1,,0,5,2,1
Stefanou & Revesz,2015,342,0.158808891,0.068029823,2,0,2.9,1.27,30,2.69,1.34,29,meannerror,1,1,,8,5,2,1
Stefanou & Revesz,2015,343,-0.380401128,0.069042406,2,0,1.13,1.55,30,1.72,1.51,29,meannerror,1,1,,8,5,2,1
Stefanou & Revesz,2015,344,0.112189907,0.067922758,1,1,3.5,1,30,3.38,1.11,29,meannerror,1,1,,0,5,2,1
Stefanou & Revesz,2015,345,1.152949018,0.079081274,1,1,2.93,1.41,30,1.17,1.6,29,meannerror,1,1,,0,5,2,1
Stefanou & Revesz,2015,346,0.281166738,0.068486047,2,1,3.67,0.92,30,3.38,1.11,29,meannerror,1,1,,8,5,2,1
Stefanou & Revesz,2015,347,1.240509456,0.08085731,2,1,3.1,1.47,30,1.17,1.6,29,meannerror,1,1,,8,5,2,1
Stefanou & Revesz,2015,348,0.408755474,0.069232033,1,2,3.6,0.89,30,3.14,1.3,29,meannerror,1,1,,0,5,2,1
Stefanou & Revesz,2015,349,1.059495538,0.077329065,1,2,3.13,1.43,30,1.48,1.64,29,meannerror,1,1,,0,5,2,1
Stefanou & Revesz,2015,350,0.678409758,0.071716429,2,2,3.83,0.59,30,3.14,1.3,29,meannerror,1,1,,8,5,2,1
Stefanou & Revesz,2015,351,1.281392338,0.081731061,2,2,3.33,1.18,30,1.48,1.64,29,meannerror,1,1,,8,5,2,1
,,,,,,,,,,,,,,,,,,,,
Sun,2013,352,-0.267979505,0.192618925,1,0,0.356987,0.1948038,11,0.30681,0.1613508,10,pcorrect,1,2,250,8,16,5,10
Sun,2013,353,0.242162635,0.184666123,2,0,0.26616,0.1615753,12,0.30681,0.1613508,10,pcorrect,5,2,250,3,16,5,0
Sun,2013,354,0.587566668,0.199128962,1,1,0.204421,0.1588429,11,0.287568,0.104496,10,pcorrect,1,2,250,8,16,5,10
Sun,2013,355,0.203523014,0.184274734,2,1,0.260022,0.1479377,12,0.287568,0.104496,10,pcorrect,5,2,250,3,16,5,0
,,,,,,,,,,,,,,,,,,,,
Tanveer et al,2018,356,0.053496037,0.200071546,1,0,10.448,4.53,10,10.683,3.8566,10,nerror,4,1,120,8,,1,10
Tanveer et al,2018,357,0.134172478,0.200450056,2,0,10.259,1.8556,10,10.683,3.8566,10,nerror,4,1,120,3,,1,10
Tanveer et al,2018,358,1.921050987,0.292260922,1,1,5.398,1.84396,10,13.141,5.13784,10,nerror,4,1,120,8,,1,10
Tanveer et al,2018,359,1.374685069,0.247243976,2,1,7.085,3.03298,10,13.141,5.13784,10,nerror,4,1,120,3,,1,10
Tanveer et al,2018,360,1.582862571,0.262636348,1,2,6.44,3.4307,10,16.65,8.03396,10,nerror,4,1,120,8,,1,10
Tanveer et al,2018,361,1.243114113,0.238633317,2,2,8.596,3.528,10,16.65,8.03396,10,nerror,4,1,120,3,,1,10
,,,,,,,,,,,,,,,,,,,,
Truscott & Hsu,2008,362,-0.093299874,0.086173191,1,0,0.0799,0.0367,21,0.0763,0.0389,26,perror,9,2,80,1,2,3,0
Truscott & Hsu,2008,363,-0.067590617,0.086129187,1,1,0.113,0.0472,21,0.1095,0.0537,26,perror,9,2,80,1,2,3,0
,,,,,,,,,,,,,,,,,,,,
Van Beuningen et al a,2008,364,0.625999697,0.125061122,1,0,1.63,0.76,15,1.21,0.56,19,perror,8,1,85,0,3,1,0
Van Beuningen et al a,2008,365,0.133258514,0.143906848,1,0,1.63,0.76,15,1.53,0.69,13,perror,8,1,85,0,3,1,0
Van Beuningen et al a,2008,366,0.499418649,0.117942213,1,0,1.55,0.79,18,1.19,0.6,17,perror,8,1,85,0,3,1,0
Van Beuningen et al a,2008,367,-0.1760585,0.127468449,1,0,1.55,0.79,18,1.67,0.45,14,perror,8,1,85,0,3,1,0
Van Beuningen et al a,2008,368,-0.107079545,0.119466864,2,0,1.15,0.53,15,1.21,0.56,19,perror,8,1,85,2,3,1,0
Van Beuningen et al a,2008,369,-0.605679236,0.150140589,2,0,1.15,0.53,15,1.53,0.69,13,perror,8,1,85,2,3,1,0
Van Beuningen et al a,2008,370,0.086237063,0.117756424,2,0,1.24,0.53,17,1.19,0.6,17,perror,8,1,85,2,3,1,0
Van Beuningen et al a,2008,371,-0.844734696,0.141761403,2,0,1.24,0.53,17,1.67,0.45,14,perror,8,1,85,2,3,1,0
Van Beuningen et al a,2008,372,-0.261881013,0.1203068,1,1,1.12,0.74,15,1.32,0.75,19,perror,8,1,85,0,3,1,0
Van Beuningen et al a,2008,373,-1.121969245,0.166068583,1,1,1.12,0.74,15,1.9,0.59,13,perror,8,1,85,0,3,1,0
Van Beuningen et al a,2008,374,-0.492497516,0.117844139,1,1,1.11,0.6,18,1.41,0.59,17,perror,8,1,85,0,3,1,0
Van Beuningen et al a,2008,375,-0.844529429,0.138128345,1,1,1.11,0.6,18,1.76,0.91,14,perror,8,1,85,0,3,1,0
Van Beuningen et al a,2008,376,0.140707914,0.119589403,2,1,1.43,0.78,15,1.32,0.75,19,perror,8,1,85,2,3,1,0
Van Beuningen et al a,2008,377,-0.652999941,0.151204189,2,1,1.43,0.78,15,1.9,0.59,13,perror,8,1,85,2,3,1,0
Van Beuningen et al a,2008,378,-0.226953419,0.118404527,2,1,1.29,0.43,17,1.41,0.59,17,perror,8,1,85,2,3,1,0
Van Beuningen et al a,2008,379,-0.665371906,0.137392742,2,1,1.29,0.43,17,1.76,0.91,14,perror,8,1,85,2,3,1,0
,,,,,,,,,,,,,,,,,,,,
Van Beuningen et al b,2012,380,-0.062785188,0.058011758,1,0,0.55,0.31,35,0.53,0.32,34,perror,8,1,85,0,6,1,0
Van Beuningen et al b,2012,381,-0.088572738,0.059879974,1,0,0.55,0.31,35,0.52,0.36,32,perror,8,1,85,0,6,1,0
Van Beuningen et al b,2012,382,0.1824972,0.059963341,2,0,0.47,0.33,33,0.53,0.32,34,perror,8,1,85,2,6,1,0
Van Beuningen et al b,2012,383,0.143157673,0.061710677,2,0,0.47,0.33,33,0.52,0.36,32,perror,8,1,85,2,6,1,0
Van Beuningen et al b,2012,384,0.399162484,0.059137763,1,1,0.49,0.33,35,0.64,0.41,34,perror,8,1,85,0,6,1,0
Van Beuningen et al b,2012,385,0.511615531,0.06177479,1,1,0.49,0.33,35,0.69,0.44,32,perror,8,1,85,0,6,1,0
Van Beuningen et al b,2012,386,0.369037994,0.060731131,2,1,0.51,0.27,33,0.64,0.41,34,perror,8,1,85,2,6,1,0
Van Beuningen et al b,2012,387,0.488967584,0.063392179,2,1,0.51,0.27,33,0.69,0.44,32,perror,8,1,85,2,6,1,0
Van Beuningen et al b,2012,388,0.628288297,0.060843673,1,2,0.39,0.26,35,0.6,0.39,34,perror,8,1,85,0,6,1,0
Van Beuningen et al b,2012,389,0.883567423,0.065647484,1,2,0.39,0.26,35,0.72,0.46,32,perror,8,1,85,0,6,1,0
Van Beuningen et al b,2012,390,0.30433317,0.060405979,2,2,0.49,0.32,33,0.6,0.39,34,perror,8,1,85,2,6,1,0
Van Beuningen et al b,2012,391,0.575114714,0.064097314,2,2,0.49,0.32,33,0.72,0.46,32,perror,8,1,85,2,6,1,0
,,,,,,,,,,,,,,,,,,,,
Van Beuningen et al b,2012,392,-0.228662407,0.058655915,1,0,0.43,0.27,32,0.37,0.25,37,perror,8,1,85,0,6,1,0
Van Beuningen et al b,2012,393,-0.219685756,0.059382644,1,0,0.43,0.27,32,0.37,0.27,36,perror,8,1,85,0,6,1,0
Van Beuningen et al b,2012,394,0.281574865,0.062110425,2,0,0.3,0.24,29,0.37,0.25,37,perror,8,1,85,2,6,1,0
Van Beuningen et al b,2012,395,0.269012072,0.062817209,2,0,0.3,0.24,29,0.37,0.27,36,perror,8,1,85,2,6,1,0
Van Beuningen et al b,2012,396,0.371723041,0.059278317,1,1,0.32,0.22,32,0.42,0.3,37,perror,8,1,85,0,6,1,0
Van Beuningen et al b,2012,397,0.526407539,0.061065314,1,1,0.32,0.22,32,0.44,0.23,36,perror,8,1,85,0,6,1,0
Van Beuningen et al b,2012,398,0.206410554,0.061832553,2,1,0.36,0.27,29,0.42,0.3,37,perror,8,1,85,2,6,1,0
Van Beuningen et al b,2012,399,0.317986917,0.063038349,2,1,0.36,0.27,29,0.44,0.23,36,perror,8,1,85,2,6,1,0
Van Beuningen et al b,2012,400,0.206813366,0.058586967,1,2,0.39,0.34,32,0.46,0.33,37,perror,8,1,85,0,6,1,0
Van Beuningen et al b,2012,401,0.206696852,0.059341922,1,2,0.39,0.34,32,0.45,0.23,36,perror,8,1,85,0,6,1,0
Van Beuningen et al b,2012,402,0.309780114,0.062236784,2,2,0.37,0.22,29,0.46,0.33,37,perror,8,1,85,2,6,1,0
Van Beuningen et al b,2012,403,0.350352769,0.063204745,2,2,0.37,0.22,29,0.45,0.23,36,perror,8,1,85,2,6,1,0
,,,,,,,,,,,,,,,,,,,,
Wagner,2016,404,-0.035689779,0.100266549,1,0,2.1,2.6,21,2,2.9,19,nerror,6,1,200,2,12,3,0
Wagner,2016,405,0.357866098,0.101851478,1,1,1.2,1.6,21,2,2.7,19,nerror,6,1,200,2,12,3,0
,,,,,,,,,,,,,,,,,,,,
Wang,2017,406,-0.44301992,0.058544762,1,0,16.5,10.98,35,11,13.45,35,perror,6,2,400,1,9,3,0
Wang,2017,407,-0.517136388,0.059053072,2,0,18.2,14.08,35,11,13.45,35,perror,6,2,400,0,9,3,0
Wang,2017,408,-0.056961664,0.057166033,1,1,6.1,5.91,35,5.6,10.76,35,perror,6,2,400,1,9,3,0
Wang,2017,409,-0.094544271,0.057206704,2,1,6.5,7.84,35,5.6,10.76,35,perror,6,2,400,0,9,3,0
,,,,,,,,,,,,,,,,,,,,
Yu & Cheng,2017,410,-0.628088954,0.070028288,1,0,76.03,14.16,31,84.24,11.4,29,TLU,1,2,80,8,18,3,1
Yu & Cheng,2017,411,-0.134762049,0.066892163,1,1,76.45,15.52,31,78.31,11.24,29,TLU,1,2,80,8,18,3,1
Yu & Cheng,2017,412,-0.312303843,0.067553604,1,2,82,11.28,31,85.34,9.72,29,TLU,1,2,80,8,18,3,1
,,,,,,,,,,,,,,,,,,,,
Zhang,2017,413,-0.063085464,0.066699831,1,0,5.17,1.577,30,5.07,1.552,30,pcorrectTunit,7,2,220,0,5,2,0
Zhang,2017,414,-0.877325471,0.073080833,1,1,6.97,1.402,30,5.73,1.388,30,pcorrectTunit,7,2,220,0,5,2,0
Zhang,2017,415,-0.935287405,0.073956354,1,2,6.73,1.081,30,5.67,1.155,30,pcorrectTunit,7,2,220,0,5,2,0
