study,year,esID,yi,vi,group,time,mT,sdT,nT,mC,sdC,nC,formula,outcome,cont.type,last_treat_2_test_time,treatments,cf.timely,ssci,setting,ed.level,Age,profic,motivation,Ss.aware,random.grp,equiv.grp,rel.inter,rel.intra,genre,sourced,timed,Location,Length,instruction,graded,acc.measure,cf.training,error.type,cf.scope,cf.type,error.key,cf.provider,cf.revision,cf.oral,n_outcome,sign_.
Al-Ahmad & Al-Jarrah,2015,1,1.68074562561521,0.208171266500474,1,0,60.348,21.54,13,28.899,13.88,13,pcorrect,1,1,1,2,1,0,2,2,2,1,99,99,0,0,1,0,5,0,1,0,99,1,99,1,99,3,2,0,88,0,0,0,1,FALSE
Al-Ahmad & Al-Jarrah,2015,2,4.12205671407215,0.480602914500526,2,0,82.924,11.38,13,28.899,13.88,13,pcorrect,1,1,1,2,1,0,2,2,2,1,99,99,0,0,1,0,5,0,1,0,99,1,99,1,99,3,2,8,88,0,0,1,1,FALSE
Al-Ahmad & Al-Jarrah,2015,3,2.60044330791934,0.283890488417355,1,1,74.312,11.36,13,32.521,18.85,13,pcorrect,1,1,1,2,1,0,2,2,2,1,99,99,0,0,1,0,5,0,1,0,99,1,99,1,99,3,2,0,88,0,0,0,1,FALSE
Al-Ahmad & Al-Jarrah,2015,4,3.45719391014061,0.383695956390641,2,1,88.662,11.8,13,32.521,18.85,13,pcorrect,1,1,1,2,1,0,2,2,2,1,99,99,0,0,1,0,5,0,1,0,99,1,99,1,99,3,2,8,88,0,0,1,1,FALSE
Al-Ahmad & Al-Jarrah,2015,5,1.54629293606363,0.199827343156159,1,2,68.874,14.98,13,39.895,20.84,13,pcorrect,1,1,4,2,1,0,2,2,2,1,99,99,0,0,1,0,5,0,1,0,99,1,99,1,99,3,2,0,88,0,0,0,1,FALSE
Al-Ahmad & Al-Jarrah,2015,6,3.07152281904902,0.33527408515267,2,2,90.29,8.4,13,39.895,20.84,13,pcorrect,1,1,4,2,1,0,2,2,2,1,99,99,0,0,1,0,5,0,1,0,99,1,99,1,99,3,2,8,88,0,0,1,1,FALSE
NA,NA,NA,NA,NA,NA,NA,NA,NA,NA,NA,NA,NA,NA,NA,NA,NA,NA,NA,NA,NA,NA,NA,NA,NA,NA,NA,NA,NA,NA,NA,NA,NA,NA,NA,NA,NA,NA,NA,NA,NA,NA,NA,NA,NA,NA,NA,NA
Al Ajmi,2015,7,0.21953723383568,0.0804819659704022,1,0,1.68,1.069,25,1.44,1.083,25,ncorrect,1,1,1,2,0,0,2,2,2,1,99,99,0,1,1,0,6,0,99,99,0,99,99,4,99,2,2,8,88,0,99,1,1,FALSE
Al Ajmi,2015,8,3.5450271783219,0.205672176950409,1,1,7.4,2.217,25,1.08,1.115,25,ncorrect,1,1,1,2,0,0,2,2,2,1,99,99,0,1,1,0,6,0,99,99,0,99,99,4,99,2,2,8,88,0,99,1,1,FALSE
Al Ajmi,2015,9,4.45442672487846,0.278419174473114,1,2,8.08,1.754,25,1.48,1.085,25,ncorrect,1,1,2,2,0,0,2,2,2,1,99,99,0,1,1,0,6,0,99,99,0,99,99,4,99,2,2,8,88,0,99,1,1,FALSE
NA,NA,NA,NA,NA,NA,NA,NA,NA,NA,NA,NA,NA,NA,NA,NA,NA,NA,NA,NA,NA,NA,NA,NA,NA,NA,NA,NA,NA,NA,NA,NA,NA,NA,NA,NA,NA,NA,NA,NA,NA,NA,NA,NA,NA,NA,NA,NA
Bitchener & Knoch a,2008,10,0.624126035112313,0.1140874930294,1,0,67.59,19.26,17,51.9,28.32,20,pcorrect,1,0,1,1,1,1,1,2,2,1,99,1,0,1,1,0,5,0,1,0,99,99,99,1,99,1,2,8,88,99,2,1,1,FALSE
Bitchener & Knoch a,2008,11,0.0465971766219554,0.105584125251202,2,0,53.11,21.73,18,51.9,28.32,20,pcorrect,1,0,1,1,1,1,1,2,2,1,99,1,0,1,1,0,5,0,1,0,99,99,99,1,99,1,2,8,88,99,2,0,1,FALSE
Bitchener & Knoch a,2008,12,0.30581091998874,0.101169003984804,3,0,59.35,18.39,20,51.9,28.32,20,pcorrect,1,0,1,1,1,1,1,2,2,1,99,1,0,1,1,0,5,0,1,0,99,99,99,1,99,1,2,0,88,99,2,0,1,FALSE
Bitchener & Knoch a,2008,13,1.47999300034756,0.138423249426329,1,1,82.53,14.33,17,52.75,23.26,20,pcorrect,1,0,1,1,1,1,1,2,2,1,99,1,0,1,1,0,5,0,1,0,99,99,99,1,99,1,2,8,88,99,2,1,1,FALSE
Bitchener & Knoch a,2008,14,1.20032018519664,0.124513036437009,2,1,77.5,16.07,18,52.75,23.26,20,pcorrect,1,0,1,1,1,1,1,2,2,1,99,1,0,1,1,0,5,0,1,0,99,99,99,1,99,1,2,8,88,99,2,0,1,FALSE
Bitchener & Knoch a,2008,15,1.48250866668805,0.127472899335064,3,1,81.25,13,20,52.75,23.26,20,pcorrect,1,0,1,1,1,1,1,2,2,1,99,1,0,1,1,0,5,0,1,0,99,99,99,1,99,1,2,0,88,99,2,0,1,FALSE
Bitchener & Knoch a,2008,16,1.05368734497734,0.123827002668054,1,2,82.65,15.47,17,63.9,18.89,20,pcorrect,1,0,4,1,1,1,1,2,2,1,99,1,0,1,1,0,5,0,1,0,99,99,99,1,99,1,2,8,88,99,2,1,1,FALSE
Bitchener & Knoch a,2008,17,0.638436368185993,0.110918726558483,2,2,76.78,20.67,18,63.9,18.89,20,pcorrect,1,0,4,1,1,1,1,2,2,1,99,1,0,1,1,0,5,0,1,0,99,99,99,1,99,1,2,8,88,99,2,0,1,FALSE
Bitchener & Knoch a,2008,18,0.998110085805812,0.112452796792341,3,2,80.05,12.09,20,63.9,18.89,20,pcorrect,1,0,4,1,1,1,1,2,2,1,99,1,0,1,1,0,5,0,1,0,99,99,99,1,99,1,2,0,88,99,2,0,1,FALSE
NA,NA,NA,NA,NA,NA,NA,NA,NA,NA,NA,NA,NA,NA,NA,NA,NA,NA,NA,NA,NA,NA,NA,NA,NA,NA,NA,NA,NA,NA,NA,NA,NA,NA,NA,NA,NA,NA,NA,NA,NA,NA,NA,NA,NA,NA,NA,NA
Bitchener & Knoch b,2010,19,0.128555334712551,0.167010968210063,1,0,87.08,13.22,12,85.58,8.89,12,pcorrect,1,0,1,1,1,1,1,2,2,2,2,1,0,1,1,0,5,0,1,0,99,0,99,1,99,1,2,3,88,99,2,0,1,FALSE
Bitchener & Knoch b,2010,20,0.556431181482615,0.12433980190532,2,0,90.59,8.79,27,85.58,8.89,12,pcorrect,1,0,1,1,1,1,1,2,2,2,2,1,0,1,1,0,5,0,1,0,99,0,99,1,99,1,2,1,88,99,2,0,1,FALSE
Bitchener & Knoch b,2010,21,-0.222649337310875,0.167699431820936,3,0,83.08,12.49,12,85.58,8.89,12,pcorrect,1,0,1,1,1,1,1,2,2,2,2,1,0,1,1,0,5,0,1,0,99,0,99,1,99,1,2,3,88,99,2,1,1,FALSE
Bitchener & Knoch b,2010,22,1.36353085497656,0.205400341509856,1,1,95.92,5.48,12,86.17,8.08,12,pcorrect,1,0,1,1,1,1,1,2,2,2,2,1,0,1,1,0,5,0,1,0,99,0,99,1,99,1,2,3,88,99,2,0,1,FALSE
Bitchener & Knoch b,2010,23,1.16072516949891,0.137643228307656,2,1,93.18,4.71,27,86.17,8.08,12,pcorrect,1,0,1,1,1,1,1,2,2,2,2,1,0,1,1,0,5,0,1,0,99,0,99,1,99,1,2,1,88,99,2,0,1,FALSE
Bitchener & Knoch b,2010,24,1.13996804102323,0.193740148636548,3,1,94.17,5.15,12,86.17,8.08,12,pcorrect,1,0,1,1,1,1,1,2,2,2,2,1,0,1,1,0,5,0,1,0,99,0,99,1,99,1,2,3,88,99,2,1,1,FALSE
Bitchener & Knoch b,2010,25,1.12599956097094,0.193080729402224,1,2,96.25,4,12,85.92,11.87,12,pcorrect,1,0,4,1,1,1,1,2,2,2,2,1,0,1,1,0,5,0,1,0,99,0,99,1,99,1,2,3,88,99,2,0,1,FALSE
Bitchener & Knoch b,2010,26,0.776889469946516,0.128108283812854,2,2,92.76,6.8,27,85.92,11.87,12,pcorrect,1,0,4,1,1,1,1,2,2,2,2,1,0,1,1,0,5,0,1,0,99,0,99,1,99,1,2,1,88,99,2,0,1,FALSE
Bitchener & Knoch b,2010,27,0.994787162641902,0.187283364561606,3,2,95.33,5.09,12,85.92,11.87,12,pcorrect,1,0,4,1,1,1,1,2,2,2,2,1,0,1,1,0,5,0,1,0,99,0,99,1,99,1,2,3,88,99,2,1,1,FALSE
NA,NA,NA,NA,NA,NA,NA,NA,NA,NA,NA,NA,NA,NA,NA,NA,NA,NA,NA,NA,NA,NA,NA,NA,NA,NA,NA,NA,NA,NA,NA,NA,NA,NA,NA,NA,NA,NA,NA,NA,NA,NA,NA,NA,NA,NA,NA,NA
Bitchener & Knoch c,2010,28,0.147415627474434,0.154264064754301,1,0,62.46,11.98,13,60.17,17.58,13,pcorrect,1,0,1,1,1,1,1,2,2,1,99,1,1,1,1,0,5,0,1,0,99,1,99,1,0,1,2,8,88,99,0,1,1,FALSE
Bitchener & Knoch c,2010,29,-0.249384998074534,0.155042170716627,2,0,55.31,20.08,13,60.17,17.58,13,pcorrect,1,0,1,1,1,1,1,2,2,1,99,1,1,1,1,0,5,0,1,0,99,0,99,1,0,1,2,8,88,99,0,0,1,FALSE
Bitchener & Knoch c,2010,30,-0.0243753523217022,0.153857579957707,3,0,59.69,20.45,13,60.17,17.58,13,pcorrect,1,0,1,1,1,1,1,2,2,1,99,1,1,1,1,0,5,0,1,0,99,0,99,1,0,1,2,0,88,99,0,0,1,FALSE
Bitchener & Knoch c,2010,31,1.32052414089855,0.187380461667228,1,1,89.23,8.22,13,67.08,21.45,13,pcorrect,1,0,1,1,1,1,1,2,2,1,99,1,1,1,1,0,5,0,1,0,99,1,99,1,0,1,2,8,88,99,0,1,1,FALSE
Bitchener & Knoch c,2010,32,0.959518987340627,0.171551474751291,2,1,83.77,10.36,13,67.08,21.45,13,pcorrect,1,0,1,1,1,1,1,2,2,1,99,1,1,1,1,0,5,0,1,0,99,0,99,1,0,1,2,8,88,99,0,0,1,FALSE
Bitchener & Knoch c,2010,33,0.641599425249549,0.161762496586164,3,1,79.15,14.27,13,67.08,21.45,13,pcorrect,1,0,1,1,1,1,1,2,2,1,99,1,1,1,1,0,5,0,1,0,99,0,99,1,0,1,2,0,88,99,0,0,1,FALSE
Bitchener & Knoch c,2010,34,1.28242625963196,0.185473405988339,1,2,79.61,10.29,13,56.62,22.29,13,pcorrect,1,0,4,1,1,1,1,2,2,1,99,1,1,1,1,0,5,0,1,0,99,1,99,1,0,1,2,8,88,99,0,1,1,FALSE
Bitchener & Knoch c,2010,35,1.32256611043157,0.187484252239655,1,3,84.31,12.33,13,62.46,18.97,13,pcorrect,1,0,4,1,1,1,1,2,2,1,99,1,1,1,1,0,5,0,1,0,99,1,99,1,0,1,2,8,88,99,0,1,1,FALSE
Bitchener & Knoch c,2010,36,2.15048424157689,0.242780432178279,1,4,88.38,9.53,13,58.92,16.16,13,pcorrect,1,0,4,1,1,1,1,2,2,1,99,1,1,1,1,0,5,0,1,0,99,1,99,1,0,1,2,8,88,99,0,1,1,FALSE
Bitchener & Knoch c,2010,37,1.20242429584424,0.181650465139163,2,2,78.46,11.04,13,56.62,22.29,13,pcorrect,1,0,4,1,1,1,1,2,2,1,99,1,1,1,1,0,5,0,1,0,99,0,99,1,0,1,2,8,88,99,0,0,1,FALSE
Bitchener & Knoch c,2010,38,1.20286826751602,0.181671001326865,2,3,81.69,10.93,13,62.46,18.97,13,pcorrect,1,0,4,1,1,1,1,2,2,1,99,1,1,1,1,0,5,0,1,0,99,0,99,1,0,1,2,8,88,99,0,0,1,FALSE
Bitchener & Knoch c,2010,39,2.23596009544663,0.249990722085186,2,4,88.77,8.55,13,58.92,16.16,13,pcorrect,1,0,4,1,1,1,1,2,2,1,99,1,1,1,1,0,5,0,1,0,99,0,99,1,0,1,2,8,88,99,0,0,1,FALSE
Bitchener & Knoch c,2010,40,1.21442572340103,0.18220826610881,3,2,79.84,13.74,13,56.62,22.29,13,pcorrect,1,0,4,1,1,1,1,2,2,1,99,1,1,1,1,0,5,0,1,0,99,0,99,1,0,1,2,0,88,99,0,0,1,FALSE
Bitchener & Knoch c,2010,41,0.934354475330546,0.170634967030196,3,3,78.31,13.41,13,62.46,18.97,13,pcorrect,1,0,4,1,1,1,1,2,2,1,99,1,1,1,1,0,5,0,1,0,99,0,99,1,0,1,2,0,88,99,0,0,1,FALSE
Bitchener & Knoch c,2010,42,1.44813868689807,0.19417510877867,3,4,81.46,13.9,13,58.92,16.16,13,pcorrect,1,0,4,1,1,1,1,2,2,1,99,1,1,1,1,0,5,0,1,0,99,0,99,1,0,1,2,0,88,99,0,0,1,FALSE
NA,NA,NA,NA,NA,NA,NA,NA,NA,NA,NA,NA,NA,NA,NA,NA,NA,NA,NA,NA,NA,NA,NA,NA,NA,NA,NA,NA,NA,NA,NA,NA,NA,NA,NA,NA,NA,NA,NA,NA,NA,NA,NA,NA,NA,NA,NA,NA
"Bitchener, Young & Cameron",2005,43,0.208431961644073,0.112058495617949,1,0,82.21,7.03,19,80.31,10.64,17,pcorrect,1,1,3,3,99,1,1,3,2,1,99,99,0,99,1,0,6,0,1,0,2,2,1,1,99,2,1,8,88,1,99,1,3,FALSE
"Bitchener, Young & Cameron",2005,44,1.16905840302645,0.130437018771449,1,0,91.64,8.66,19,75.69,17.14,17,pcorrect,2,1,3,3,99,1,1,3,2,1,99,99,0,99,1,0,6,0,1,0,2,2,1,1,99,3,1,8,88,1,99,1,3,FALSE
"Bitchener, Young & Cameron",2005,45,0.22334997452891,0.112147958513606,1,0,63,37.22,19,55.31,29.15,17,pcorrect,3,1,3,3,99,1,1,3,2,1,99,99,0,99,1,0,6,0,1,0,2,2,1,1,99,1,1,8,88,1,99,1,3,FALSE
"Bitchener, Young & Cameron",2005,46,0.313165599078741,0.119089304300681,2,0,83.71,10.56,17,80.31,10.64,17,pcorrect,1,1,3,3,99,1,1,3,2,1,99,99,0,99,1,0,6,0,1,0,2,2,1,1,99,2,1,0,88,1,99,0,3,FALSE
"Bitchener, Young & Cameron",2005,47,0.294638180391323,0.118923700843298,2,0,81.07,18.49,17,75.69,17.14,17,pcorrect,2,1,3,3,99,1,1,3,2,1,99,99,0,99,1,0,6,0,1,0,2,2,1,1,99,3,1,0,88,1,99,0,3,FALSE
"Bitchener, Young & Cameron",2005,48,0.456746787197843,0.120714965111993,2,0,69.29,30.6,17,55.31,29.15,17,pcorrect,3,1,3,3,99,1,1,3,2,1,99,99,0,99,1,0,6,0,1,0,2,2,1,1,99,1,1,0,88,1,99,0,3,FALSE
"Bitchener, Young & Cameron",2005,49,0.853754276165508,0.121578668971228,1,1,84.79,8.92,19,77.38,7.97,17,pcorrect,1,1,3,3,99,1,1,3,2,1,99,99,0,99,1,0,6,0,1,0,2,2,1,1,99,2,1,8,88,1,99,1,3,FALSE
"Bitchener, Young & Cameron",2005,50,0.749260728242207,0.119252214454772,1,1,91.5,11.22,19,82.92,11.17,17,pcorrect,2,1,3,3,99,1,1,3,2,1,99,99,0,99,1,0,6,0,1,0,2,2,1,1,99,3,1,8,88,1,99,1,3,FALSE
"Bitchener, Young & Cameron",2005,51,1.74361252479492,0.153679894978879,1,1,83.93,14.4,19,47.62,25.45,17,pcorrect,3,1,3,3,99,1,1,3,2,1,99,99,0,99,1,0,6,0,1,0,2,2,1,1,99,1,1,8,88,1,99,1,3,FALSE
"Bitchener, Young & Cameron",2005,52,-0.170742522104454,0.118075779541979,2,1,75.79,10.09,17,77.38,7.97,17,pcorrect,1,1,3,3,99,1,1,3,2,1,99,99,0,99,1,0,6,0,1,0,2,2,1,1,99,2,1,0,88,1,99,0,3,FALSE
"Bitchener, Young & Cameron",2005,53,-0.35940398000308,0.119546635600618,2,1,77.86,15.91,17,82.92,11.17,17,pcorrect,2,1,3,3,99,1,1,3,2,1,99,99,0,99,1,0,6,0,1,0,2,2,1,1,99,3,1,0,88,1,99,0,3,FALSE
"Bitchener, Young & Cameron",2005,54,0.638906427606717,0.123650020929958,2,1,61.93,17.57,17,47.62,25.45,17,pcorrect,3,1,3,3,99,1,1,3,2,1,99,99,0,99,1,0,6,0,1,0,2,2,1,1,99,1,1,0,88,1,99,0,3,FALSE
NA,NA,NA,NA,NA,NA,NA,NA,NA,NA,NA,NA,NA,NA,NA,NA,NA,NA,NA,NA,NA,NA,NA,NA,NA,NA,NA,NA,NA,NA,NA,NA,NA,NA,NA,NA,NA,NA,NA,NA,NA,NA,NA,NA,NA,NA,NA,NA
Bonilla et al,2018,55,-0.309509834978472,0.0723751201036945,1,0,0.39,0.25,29,0.31,0.26,27,pcorrect,1,2,1,2,0,1,2,2,2,1,2,99,1,1,1,0,2,1,1,0,1,99,1,0,0,0,0,0,88,1,1,0,1,TRUE
Bonilla et al,2018,56,-0.0788580862222206,0.0728078554582557,2,0,0.33,0.24,28,0.31,0.26,27,pcorrect,1,2,1,2,0,1,2,2,2,1,2,99,1,1,1,0,2,1,1,0,1,99,1,0,0,0,0,2,1,1,1,0,1,TRUE
Bonilla et al,2018,57,0.955452182807681,0.0796705891722977,1,1,0.18,0.16,29,0.36,0.21,27,pcorrect,1,2,1,2,0,1,2,2,2,1,2,99,1,1,1,0,2,1,1,0,1,99,1,0,0,0,0,0,88,1,1,0,1,TRUE
Bonilla et al,2018,58,0.721413064422958,0.0774825664742329,2,1,0.21,0.2,28,0.36,0.21,27,pcorrect,1,2,1,2,0,1,2,2,2,1,2,99,1,1,1,0,2,1,1,0,1,99,1,0,0,0,0,2,1,1,1,0,1,TRUE
Bonilla et al,2018,59,1.53149181147728,0.0924614668061371,1,2,0.13,0.13,29,0.39,0.2,27,pcorrect,1,2,3,2,0,1,2,2,2,1,2,99,1,1,1,0,2,1,1,0,1,99,1,0,0,0,0,0,88,1,1,0,1,TRUE
Bonilla et al,2018,60,0.97392074778756,0.0813742465965143,2,2,0.22,0.14,28,0.39,0.2,27,pcorrect,1,2,3,2,0,1,2,2,2,1,2,99,1,1,1,0,2,1,1,0,1,99,1,0,0,0,0,2,1,1,1,0,1,TRUE
NA,NA,NA,NA,NA,NA,NA,NA,NA,NA,NA,NA,NA,NA,NA,NA,NA,NA,NA,NA,NA,NA,NA,NA,NA,NA,NA,NA,NA,NA,NA,NA,NA,NA,NA,NA,NA,NA,NA,NA,NA,NA,NA,NA,NA,NA,NA,NA
Brown,2017,61,-0.104310884466086,0.0482653144626742,1,0,21.83,14.44,41,20.3,14.62,42,perror,1,1,2,3,0,2,2,2,2,1,2,1,0,1,1,0,2,0,1,0,3,0,1,0,1,10,1,0,88,1,1,0,4,TRUE
Brown,2017,62,0.235274312811173,0.0485332255569554,1,0,15.13,8.76,41,17.62,11.93,42,perror,2,1,2,3,0,2,2,2,2,1,2,1,0,1,1,0,2,0,1,0,3,0,1,0,1,1,1,0,88,1,1,0,4,TRUE
Brown,2017,63,-0.109648728001904,0.048272194480351,1,0,6.2,6.35,41,5.58,4.76,42,perror,3,1,2,3,0,2,2,2,2,1,2,1,0,1,1,0,2,0,1,0,3,0,1,0,1,10,1,0,88,1,1,0,4,TRUE
Brown,2017,64,-0.00505043588900193,0.048199921368003,1,0,6.4,4.38,41,6.37,7.05,42,perror,4,1,2,3,0,2,2,2,2,1,2,1,0,1,1,0,2,0,1,0,3,0,1,0,1,10,1,0,88,1,1,0,4,TRUE
Brown,2017,65,-0.116576738735388,0.0466158089554836,2,0,22,14.29,44,20.3,14.62,42,perror,1,1,2,3,0,2,2,2,2,1,2,1,0,1,1,0,2,0,1,0,3,0,1,0,1,10,1,2,1,1,1,0,4,TRUE
Brown,2017,66,0.384375159761221,0.047395774812619,2,0,13.67,8.18,44,17.62,11.93,42,perror,2,1,2,3,0,2,2,2,2,1,2,1,0,1,1,0,2,0,1,0,3,0,1,0,1,1,1,2,1,1,1,0,4,TRUE
Brown,2017,67,-0.194242880473841,0.0467561587264173,2,0,6.5,4.63,44,5.58,4.76,42,perror,3,1,2,3,0,2,2,2,2,1,2,1,0,1,1,0,2,0,1,0,3,0,1,0,1,10,1,2,1,1,1,0,4,TRUE
Brown,2017,68,0.298796711562434,0.0470558632509856,2,0,4.68,3.74,44,6.37,7.05,42,perror,4,1,2,3,0,2,2,2,2,1,2,1,0,1,1,0,2,0,1,0,3,0,1,0,1,10,1,2,1,1,1,0,4,TRUE
Brown,2017,69,0.452113654488658,0.0494311337154272,1,1,13.46,10.87,41,18.58,11.55,42,perror,1,1,2,3,0,2,2,2,2,1,2,1,0,1,1,0,2,0,1,0,3,0,1,0,1,10,1,0,88,1,1,0,4,TRUE
Brown,2017,70,0.66038376503374,0.0508269166102769,1,1,13.64,8.58,41,19.94,10.23,42,perror,2,1,2,3,0,2,2,2,2,1,2,1,0,1,1,0,2,0,1,0,3,0,1,0,1,1,1,0,88,1,1,0,4,TRUE
Brown,2017,71,0.268141894696611,0.0486329006980561,1,1,6.35,4.3,41,7.85,6.53,42,perror,3,1,2,3,0,2,2,2,2,1,2,1,0,1,1,0,2,0,1,0,3,0,1,0,1,10,1,0,88,1,1,0,4,TRUE
Brown,2017,72,0.131849375276475,0.0483044921563049,1,1,4.95,5.31,41,5.62,4.75,42,perror,4,1,2,3,0,2,2,2,2,1,2,1,0,1,1,0,2,0,1,0,3,0,1,0,1,10,1,0,88,1,1,0,4,TRUE
Brown,2017,73,0.0781818416292144,0.0482365894008817,1,2,21.49,14.41,41,22.62,14.23,42,perror,1,1,2,3,0,2,2,2,2,1,2,1,0,1,1,0,2,0,1,0,3,0,1,0,1,10,1,0,88,1,1,0,4,TRUE
Brown,2017,74,0.25381952503097,0.0485878662136914,1,2,14.74,11.14,41,17.46,10.08,42,perror,2,1,2,3,0,2,2,2,2,1,2,1,0,1,1,0,2,0,1,0,3,0,1,0,1,1,1,0,88,1,1,0,4,TRUE
Brown,2017,75,-0.33866907010979,0.0488907119231015,1,2,7.76,6.09,41,5.87,4.92,42,perror,3,1,2,3,0,2,2,2,2,1,2,1,0,1,1,0,2,0,1,0,3,0,1,0,1,10,1,0,88,1,1,0,4,TRUE
Brown,2017,76,-0.0574990619791461,0.0482196842308091,1,2,4.71,4.57,41,4.45,4.39,42,perror,4,1,2,3,0,2,2,2,2,1,2,1,0,1,1,0,2,0,1,0,3,0,1,0,1,10,1,0,88,1,1,0,4,TRUE
Brown,2017,77,0.482489086459533,0.0478902600167532,2,1,13.43,9.56,44,18.58,11.55,42,perror,1,1,2,3,0,2,2,2,2,1,2,1,0,1,1,0,2,0,1,0,3,0,1,0,1,10,1,2,1,1,1,0,4,TRUE
Brown,2017,78,0.278313186379241,0.046987135081637,2,1,16.95,11.03,44,19.94,10.23,42,perror,2,1,2,3,0,2,2,2,2,1,2,1,0,1,1,0,2,0,1,0,3,0,1,0,1,1,1,2,1,1,1,0,4,TRUE
Brown,2017,79,0.104333340847147,0.0466000840136123,2,1,7.19,6.01,44,7.85,6.53,42,perror,3,1,2,3,0,2,2,2,2,1,2,1,0,1,1,0,2,0,1,0,3,0,1,0,1,10,1,2,1,1,1,0,4,TRUE
Brown,2017,80,0.252629713542988,0.0469078533517082,2,1,4.48,4.19,44,5.62,4.75,42,perror,4,1,2,3,0,2,2,2,2,1,2,1,0,1,1,0,2,0,1,0,3,0,1,0,1,10,1,2,1,1,1,0,4,TRUE
Brown,2017,81,0.107387853668049,0.0466038439270025,2,2,20.98,15.95,44,22.62,14.23,42,perror,1,1,2,3,0,2,2,2,2,1,2,1,0,1,1,0,2,0,1,0,3,0,1,0,1,10,1,2,1,1,1,0,4,TRUE
Brown,2017,82,0.651935419809838,0.0490078418368118,2,2,11.65,7.45,44,17.46,10.08,42,perror,2,1,2,3,0,2,2,2,2,1,2,1,0,1,1,0,2,0,1,0,3,0,1,0,1,1,1,2,1,1,1,0,4,TRUE
Brown,2017,83,0.385801361473048,0.0474021610165317,2,2,4.15,3.88,44,5.87,4.92,42,perror,3,1,2,3,0,2,2,2,2,1,2,1,0,1,1,0,2,0,1,0,3,0,1,0,1,10,1,2,1,1,1,0,4,TRUE
Brown,2017,84,0.134147431560987,0.04664142173095,2,2,3.78,5.43,44,4.45,4.39,42,perror,4,1,2,3,0,2,2,2,2,1,2,1,0,1,1,0,2,0,1,0,3,0,1,0,1,10,1,2,1,1,1,0,4,TRUE
NA,NA,NA,NA,NA,NA,NA,NA,NA,NA,NA,NA,NA,NA,NA,NA,NA,NA,NA,NA,NA,NA,NA,NA,NA,NA,NA,NA,NA,NA,NA,NA,NA,NA,NA,NA,NA,NA,NA,NA,NA,NA,NA,NA,NA,NA,NA,NA
Diab a,2015,85,-0.200819772134191,0.106086194777661,1,0,0.31,0.39,20,0.23,0.39,18,perror,1,2,1,3,0,1,2,2,2,1,99,1,99,99,0,0,2,0,1,0,99,1,0,0,99,10,2,8,1,0,1,0,2,TRUE
Diab a,2015,86,-0.323599428090731,0.106933405422143,1,0,3.54,1.21,20,3.08,1.57,18,perror,2,2,1,3,0,1,2,2,2,1,99,1,99,99,0,0,2,0,1,0,99,1,0,0,99,10,2,8,1,0,1,0,2,TRUE
Diab a,2015,87,0.205224530173681,0.108756284608126,2,0,0.16,0.27,19,0.23,0.39,18,perror,1,2,1,3,0,1,2,2,2,1,99,1,99,99,0,0,2,0,1,0,99,1,0,0,99,10,2,3,1,0,1,0,2,TRUE
Diab a,2015,88,0.125135283896096,0.108398740439082,2,0,2.85,1.99,19,3.08,1.57,18,perror,2,2,1,3,0,1,2,2,2,1,99,1,99,99,0,0,2,0,1,0,99,1,0,0,99,10,2,3,1,0,1,0,2,TRUE
Diab a,2015,89,0.524797150186569,0.109179398303502,1,1,0.02,0.06,20,0.07,0.12,18,perror,1,2,1,3,0,1,2,2,2,1,99,1,99,99,0,0,2,0,1,0,99,1,0,0,99,10,2,8,1,0,1,0,2,TRUE
Diab a,2015,90,0.187794555089506,0.106019592330835,1,1,1.38,0.89,20,1.53,0.64,18,perror,2,2,1,3,0,1,2,2,2,1,99,1,99,99,0,0,2,0,1,0,99,1,0,0,99,10,2,8,1,0,1,0,2,TRUE
Diab a,2015,91,-0.305986407051836,0.109452373439417,2,1,0.12,0.19,19,0.07,0.12,18,perror,1,2,1,3,0,1,2,2,2,1,99,1,99,99,0,0,2,0,1,0,99,1,0,0,99,10,2,3,1,0,1,0,2,TRUE
Diab a,2015,92,0.559333770598055,0.112414894866862,2,1,1.22,0.43,19,1.53,0.64,18,perror,2,2,1,3,0,1,2,2,2,1,99,1,99,99,0,0,2,0,1,0,99,1,0,0,99,10,2,3,1,0,1,0,2,TRUE
Diab a,2015,93,0.115353581218906,0.105730640406871,1,2,0.05,0.08,20,0.06,0.09,18,perror,1,2,4,3,0,1,2,2,2,1,99,1,99,99,0,0,2,0,1,0,99,1,0,0,99,10,2,8,1,0,1,0,2,TRUE
Diab a,2015,94,0.929787776360144,0.116930625411723,1,2,1.38,0.55,20,1.93,0.61,18,perror,2,2,4,3,0,1,2,2,2,1,99,1,99,99,0,0,2,0,1,0,99,1,0,0,99,10,2,8,1,0,1,0,2,TRUE
Diab a,2015,95,0.385882708008927,0.110199370507522,2,2,0.03,0.06,19,0.06,0.09,18,perror,1,2,4,3,0,1,2,2,2,1,99,1,99,99,0,0,2,0,1,0,99,1,0,0,99,10,2,3,1,0,1,0,2,TRUE
Diab a,2015,96,-0.0107661602804728,0.10818870085707499,2,2,1.94,1.12,19,1.93,0.61,18,perror,2,2,4,3,0,1,2,2,2,1,99,1,99,99,0,0,2,0,1,0,99,1,0,0,99,10,2,3,1,0,1,0,2,TRUE
NA,NA,NA,NA,NA,NA,NA,NA,NA,NA,NA,NA,NA,NA,NA,NA,NA,NA,NA,NA,NA,NA,NA,NA,NA,NA,NA,NA,NA,NA,NA,NA,NA,NA,NA,NA,NA,NA,NA,NA,NA,NA,NA,NA,NA,NA,NA,NA
Diab b,2016,97,-0.329110609308072,0.111582747526603,1,0,0.21,0.28,21,0.12,0.25,16,perror,1,2,1,1,0,1,2,2,2,1,99,1,99,99,1,0,77,1,1,0,99,1,0,0,99,10,2,3,88,2,99,0,2,TRUE
Diab b,2016,98,-0.365775793832801,0.111927046691399,1,0,1.61,1.5,21,1.13,0.92,16,perror,2,2,1,1,0,1,2,2,2,1,99,1,99,99,1,0,77,1,1,0,99,1,0,0,99,10,2,3,88,2,99,0,2,TRUE
Diab b,2016,99,-0.0113050236857267,0.110120774694189,1,1,0.22,0.44,21,0.15,9.24,16,perror,1,2,1,1,0,1,2,2,2,1,99,1,99,99,1,0,77,1,1,0,99,1,0,0,99,10,2,3,88,2,99,0,2,TRUE
Diab b,2016,100,-0.35928664954854,0.11186346513991,1,1,0.87,0.82,21,0.62,0.43,16,perror,2,2,1,1,0,1,2,2,2,1,99,1,99,99,1,0,77,1,1,0,99,1,0,0,99,10,2,3,88,2,99,0,2,TRUE
Diab b,2016,101,0,0.110119047619047,1,2,0.08,0.11,21,0.08,0.11,16,perror,1,2,4,1,0,1,2,2,2,1,99,1,99,99,1,0,77,1,1,0,99,1,0,0,99,10,2,3,88,2,99,0,2,TRUE
Diab b,2016,102,-1.27857823619337,0.132210430133471,1,2,1.97,1.04,21,0.84,0.55,16,perror,2,2,4,1,0,1,2,2,2,1,99,1,99,99,1,0,77,1,1,0,99,1,0,0,99,10,2,3,88,2,99,0,2,TRUE
NA,NA,NA,NA,NA,NA,NA,NA,NA,NA,NA,NA,NA,NA,NA,NA,NA,NA,NA,NA,NA,NA,NA,NA,NA,NA,NA,NA,NA,NA,NA,NA,NA,NA,NA,NA,NA,NA,NA,NA,NA,NA,NA,NA,NA,NA,NA,NA
Dlaska & Krekeler,2013,103,0.099402187485801,0.0262309203163227,1,0,81.6,10.8,73,80.5,11.2,80,pcorrect,1,0,2,2,0,0,2,2,2,1,99,1,1,1,0,0,99,0,1,0,99,0,0,2,99,0,1,1,88,0,1,0,2,FALSE
Dlaska & Krekeler,2013,104,-0.433362430682766,0.0293357536519117,1,0,85.7,13.7,66,90.3,6.6,74,pcorrect,2,0,2,2,0,0,2,2,2,1,99,1,1,1,0,0,99,0,1,0,99,0,0,2,99,0,1,1,88,0,1,0,2,FALSE
Dlaska & Krekeler,2013,105,0.0809738731752855,0.026410457205129,2,0,81.4,10.9,72,80.5,11.2,80,pcorrect,1,0,2,2,0,0,2,2,2,1,99,1,1,1,0,0,99,0,1,0,99,0,1,2,99,0,1,1,88,0,1,0,2,FALSE
Dlaska & Krekeler,2013,106,0.0135010625389765,0.0299076312427224,2,0,90.4,8.2,61,90.3,6.6,74,pcorrect,2,0,2,2,0,0,2,2,2,1,99,1,1,1,0,0,99,0,1,0,99,0,1,2,99,0,1,1,88,0,1,0,2,FALSE
Dlaska & Krekeler,2013,107,0.210102480773405,0.0263428884782514,1,1,83.1,11.1,73,80.8,10.7,80,pcorrect,1,0,2,2,0,0,2,2,2,1,99,1,1,1,0,0,99,0,1,0,99,0,0,2,99,0,1,1,88,0,1,0,2,FALSE
Dlaska & Krekeler,2013,108,-0.0931709780911384,0.0286960316334517,1,1,88.8,10.5,66,89.6,6.3,74,pcorrect,2,0,2,2,0,0,2,2,2,1,99,1,1,1,0,0,99,0,1,0,99,0,0,2,99,0,1,1,88,0,1,0,2,FALSE
Dlaska & Krekeler,2013,109,0.437225619992229,0.0270177252138151,2,1,85,8.1,72,80.8,10.7,80,pcorrect,1,0,2,2,0,0,2,2,2,1,99,1,1,1,0,0,99,0,1,0,99,0,1,2,99,0,1,1,88,0,1,0,2,FALSE
Dlaska & Krekeler,2013,110,0.230014116703122,0.0301029061138077,2,1,91.2,7.6,61,89.6,6.3,74,pcorrect,2,0,2,2,0,0,2,2,2,1,99,1,1,1,0,0,99,0,1,0,99,0,1,2,99,0,1,1,88,0,1,0,2,FALSE
NA,NA,NA,NA,NA,NA,NA,NA,NA,NA,NA,NA,NA,NA,NA,NA,NA,NA,NA,NA,NA,NA,NA,NA,NA,NA,NA,NA,NA,NA,NA,NA,NA,NA,NA,NA,NA,NA,NA,NA,NA,NA,NA,NA,NA,NA,NA,NA
Ekiert & di Gennaro,2019,111,-0.178201891296536,0.101407049935871,1,0,0.457,0.22,22,0.497,0.22,18,pcorrect,1,1,1,3,1,1,1,2,2,1,99,0,1,99,1,0,5,0,0,0,99,0,99,1,99,1,2,0,88,99,2,0,1,FALSE
Ekiert & di Gennaro,2019,112,-0.0659189339032043,0.0990868079598394,2,0,0.484,0.17,23,0.497,0.22,18,pcorrect,1,1,1,3,1,1,1,2,2,1,99,0,1,99,1,0,5,0,0,0,99,0,99,1,99,1,2,8,88,99,2,0,1,FALSE
Ekiert & di Gennaro,2019,113,-0.14914630767526,0.101288158773765,1,1,0.62,0.21,22,0.65,0.18,18,pcorrect,1,1,1,3,1,1,1,2,2,1,99,0,1,99,1,0,5,0,0,0,99,0,99,1,99,1,2,0,88,99,2,0,1,FALSE
Ekiert & di Gennaro,2019,114,-0.547191546408707,0.102685262625866,2,1,0.533,0.23,23,0.65,0.18,18,pcorrect,1,1,1,3,1,1,1,2,2,1,99,0,1,99,1,0,5,0,0,0,99,0,99,1,99,1,2,8,88,99,2,0,1,FALSE
Ekiert & di Gennaro,2019,115,-0.173054138023585,0.101384447693689,1,2,0.601,0.18,22,0.637,0.23,18,pcorrect,1,1,4,3,1,1,1,2,2,1,99,0,1,99,1,0,5,0,0,0,99,0,99,1,99,1,2,0,88,99,2,0,1,FALSE
Ekiert & di Gennaro,2019,116,-0.2787599534275,0.0999814641279854,2,2,0.57,0.24,23,0.637,0.23,18,pcorrect,1,1,4,3,1,1,1,2,2,1,99,0,1,99,1,0,5,0,0,0,99,0,99,1,99,1,2,8,88,99,2,0,1,FALSE
NA,NA,NA,NA,NA,NA,NA,NA,NA,NA,NA,NA,NA,NA,NA,NA,NA,NA,NA,NA,NA,NA,NA,NA,NA,NA,NA,NA,NA,NA,NA,NA,NA,NA,NA,NA,NA,NA,NA,NA,NA,NA,NA,NA,NA,NA,NA,NA
Ellis et al,2008,117,0.794979633307656,0.196181650394863,1,0,0.734,0.076,11,0.588,0.238,11,pcorrect,1,1,1,3,1,1,2,2,2,1,99,0,99,1,0,0,5,1,0,0,99,0,0,1,99,1,2,0,88,2,2,0,1,FALSE
Ellis et al,2008,118,0.172178358725042,0.168449780065777,2,0,0.623,0.153,13,0.588,0.238,11,pcorrect,1,1,1,3,1,1,2,2,2,1,99,0,99,1,0,0,5,1,0,0,99,0,0,1,99,1,0,0,88,2,2,0,1,FALSE
Ellis et al,2008,119,0.421556144236658,0.185857035971447,1,1,0.822,0.15,11,0.74,0.218,11,pcorrect,1,1,1,3,1,1,2,2,2,1,99,0,99,1,0,0,5,1,0,0,99,0,0,1,99,1,2,0,88,2,2,0,1,FALSE
Ellis et al,2008,120,0.461227861003244,0.172264066577285,2,1,0.829,0.155,13,0.74,0.218,11,pcorrect,1,1,1,3,1,1,2,2,2,1,99,0,99,1,0,0,5,1,0,0,99,0,0,1,99,1,0,0,88,2,2,0,1,FALSE
Ellis et al,2008,121,1.59052269661051,0.239312782918936,1,2,0.899,0.076,11,0.663,0.187,11,pcorrect,1,1,3,3,1,1,2,2,2,1,99,0,99,1,0,0,5,1,0,0,99,0,0,1,99,1,2,0,88,2,2,0,1,FALSE
Ellis et al,2008,122,1.00067034628385,0.188693441622414,2,2,0.832,0.14,13,0.663,0.187,11,pcorrect,1,1,3,3,1,1,2,2,2,1,99,0,99,1,0,0,5,1,0,0,99,0,0,1,99,1,0,0,88,2,2,0,1,FALSE
NA,NA,NA,NA,NA,NA,NA,NA,NA,NA,NA,NA,NA,NA,NA,NA,NA,NA,NA,NA,NA,NA,NA,NA,NA,NA,NA,NA,NA,NA,NA,NA,NA,NA,NA,NA,NA,NA,NA,NA,NA,NA,NA,NA,NA,NA,NA,NA
"Evans, Hartshorn, & Strong",2011,123,-0.352435856880939,0.135998755315494,1,0,0.471,0.112,16,0.514,0.126,14,pcorrect,1,1,2,4,0,1,1,2,2,2,99,99,99,0,1,0,2,0,1,0,1,1,88,2,99,0,0,2,1,0,1,0,1,FALSE
"Evans, Hartshorn, & Strong",2011,124,0.472609789793292,0.137651238318712,1,1,0.578,0.109,16,0.503,0.194,14,pcorrect,1,1,2,4,0,1,1,2,2,2,99,99,99,0,1,0,2,0,1,0,1,1,88,2,99,0,0,2,1,0,1,0,1,FALSE
NA,NA,NA,NA,NA,NA,NA,NA,NA,NA,NA,NA,NA,NA,NA,NA,NA,NA,NA,NA,NA,NA,NA,NA,NA,NA,NA,NA,NA,NA,NA,NA,NA,NA,NA,NA,NA,NA,NA,NA,NA,NA,NA,NA,NA,NA,NA,NA
Fazio,2001,125,-0.2374074132822,0.13007573569701,1,0,0.101,0.047,16,0.086,0.074,15,perror,1,1,2,99,1,1,1,0,0,77,99,99,1,99,0,0,6,0,0,0,99,99,99,1,99,0,1,0,88,1,2,0,1,TRUE
Fazio,2001,126,-0.168763078100934,0.133808016275501,2,0,0.098,0.064,15,0.086,0.074,15,perror,1,1,2,99,1,1,1,0,0,77,99,99,1,99,0,0,6,0,0,0,99,99,99,1,99,0,1,1,88,1,2,0,1,TRUE
Fazio,2001,127,-0.348552268028678,0.131126161562601,1,1,0.13,0.123,16,0.095,0.06,15,perror,1,1,2,99,1,1,1,0,0,77,99,99,1,99,0,0,6,0,0,0,99,99,99,1,99,0,1,0,88,1,2,0,1,TRUE
Fazio,2001,128,-0.718449140298607,0.141936152786596,2,1,0.155,0.098,15,0.095,0.06,15,perror,1,1,2,99,1,1,1,0,0,77,99,99,1,99,0,0,6,0,0,0,99,99,99,1,99,0,1,1,88,1,2,0,1,TRUE
NA,NA,NA,NA,NA,NA,NA,NA,NA,NA,NA,NA,NA,NA,NA,NA,NA,NA,NA,NA,NA,NA,NA,NA,NA,NA,NA,NA,NA,NA,NA,NA,NA,NA,NA,NA,NA,NA,NA,NA,NA,NA,NA,NA,NA,NA,NA,NA
Frear & Chiu,2016,129,0.452881096517485,0.149495856325884,1,0,72.38,13.72,12,64.1,20.2,16,TLU,1,0,1,1,99,1,2,2,2,99,99,1,0,99,1,0,5,1,0,0,99,99,0,1,0,2,2,1,88,1,0,0,1,FALSE
Frear & Chiu,2016,130,0.299601028893654,0.135424584370473,2,0,69.84,16.66,14,64.1,20.2,16,TLU,1,0,1,1,99,1,2,2,2,99,99,1,0,99,1,0,5,1,0,0,99,99,0,1,0,2,2,1,88,1,0,0,1,FALSE
Frear & Chiu,2016,131,0.798314839173464,0.157213808019843,1,1,86.32,12.05,12,65.86,31.09,16,TLU,1,0,1,1,99,1,2,2,2,99,99,1,0,99,1,0,5,1,0,0,99,99,0,1,0,2,2,1,88,1,0,0,1,FALSE
Frear & Chiu,2016,132,0.868196110128206,0.146491312855933,2,1,87.37,11.67,14,65.86,31.09,16,TLU,1,0,1,1,99,1,2,2,2,99,99,1,0,99,1,0,5,1,0,0,99,99,0,1,0,2,2,1,88,1,0,0,1,FALSE
Frear & Chiu,2016,133,0.897354596864318,0.160212713199646,1,2,84.4,10.09,12,62.94,29.32,16,TLU,1,0,2,1,99,1,2,2,2,99,99,1,0,99,1,0,5,1,0,0,99,99,0,1,0,2,2,1,88,1,0,0,1,FALSE
Frear & Chiu,2016,134,0.861960588443424,0.146311505695733,2,2,83.55,13.18,14,62.94,29.32,16,TLU,1,0,2,1,99,1,2,2,2,99,99,1,0,99,1,0,5,1,0,0,99,99,0,1,0,2,2,1,88,1,0,0,1,FALSE
NA,NA,NA,NA,NA,NA,NA,NA,NA,NA,NA,NA,NA,NA,NA,NA,NA,NA,NA,NA,NA,NA,NA,NA,NA,NA,NA,NA,NA,NA,NA,NA,NA,NA,NA,NA,NA,NA,NA,NA,NA,NA,NA,NA,NA,NA,NA,NA
Guo,2015,135,-0.658499531101661,0.0812064758107015,1,0,57.82,18.14,25,68.8,14.66,27,pcorrect,1,1,1,1,0,2,2,2,2,1,99,1,1,1,0,0,5,0,1,0,1,0,0,1,0,0,1,1,88,0,0,0,1,FALSE
Guo,2015,136,-0.532236166086746,0.0814809128849852,2,0,60.41,16.44,24,68.8,14.66,27,pcorrect,1,1,1,1,0,2,2,2,2,1,99,1,1,1,0,0,5,0,1,0,1,0,0,1,0,0,1,2,1,0,0,0,1,FALSE
Guo,2015,137,-0.570890593045463,0.0818989592843684,3,0,59.26,18.27,24,68.8,14.66,27,pcorrect,1,1,1,1,0,2,2,2,2,1,99,1,1,1,0,0,5,0,1,0,1,0,0,1,0,0,1,3,88,0,0,0,1,FALSE
Guo,2015,138,-0.749679748807608,0.0842137010151962,4,0,56.54,17.59,24,68.8,14.66,27,pcorrect,1,1,1,1,0,2,2,2,2,1,99,1,1,1,0,0,5,0,1,0,1,0,0,1,0,0,1,0,88,0,0,0,1,FALSE
Guo,2015,139,-0.383509130182549,0.081986090435936,5,0,62.12,19.68,23,68.8,14.66,27,pcorrect,1,1,1,1,0,2,2,2,2,1,99,1,1,1,0,0,5,0,1,0,1,0,0,1,0,0,1,8,88,0,0,0,1,FALSE
Guo,2015,140,-0.033628300862164,0.0770479107160647,1,1,67.79,17.52,25,68.37,16.48,27,pcorrect,1,1,1,1,0,2,2,2,2,1,99,1,1,1,0,0,5,0,1,0,1,0,0,1,0,0,1,1,88,0,0,0,1,FALSE
Guo,2015,141,0.293133325889336,0.0795461267110266,2,1,72.96,14.12,24,68.37,16.48,27,pcorrect,1,1,1,1,0,2,2,2,2,1,99,1,1,1,0,0,5,0,1,0,1,0,0,1,0,0,1,2,1,0,0,0,1,FALSE
Guo,2015,142,0.402648299147164,0.0802931708880772,3,1,75.4,17.96,24,68.37,16.48,27,pcorrect,1,1,1,1,0,2,2,2,2,1,99,1,1,1,0,0,5,0,1,0,1,0,0,1,0,0,1,3,88,0,0,0,1,FALSE
Guo,2015,143,0.437523248120069,0.0805804350041501,4,1,75.08,13.37,24,68.37,16.48,27,pcorrect,1,1,1,1,0,2,2,2,2,1,99,1,1,1,0,0,5,0,1,0,1,0,0,1,0,0,1,0,88,0,0,0,1,FALSE
Guo,2015,144,0.557922400093479,0.0836280719518629,5,1,77.1,14.02,23,68.37,16.48,27,pcorrect,1,1,1,1,0,2,2,2,2,1,99,1,1,1,0,0,5,0,1,0,1,0,0,1,0,0,1,8,88,0,0,0,1,FALSE
Guo,2015,145,-0.285790253480049,0.0778223838541927,1,2,65.11,17.74,25,69.81,14.63,27,pcorrect,1,1,3,1,0,2,2,2,2,1,99,1,1,1,0,0,5,0,1,0,1,0,0,1,0,0,1,1,88,0,0,0,1,FALSE
Guo,2015,146,-0.0197602427530528,0.0787075318134454,2,2,69.51,15.3,24,69.81,14.63,27,pcorrect,1,1,3,1,0,2,2,2,2,1,99,1,1,1,0,0,5,0,1,0,1,0,0,1,0,0,1,2,1,0,0,0,1,FALSE
Guo,2015,147,-0.200968999187666,0.0790996697687477,3,2,66.43,18.5,24,69.81,14.63,27,pcorrect,1,1,3,1,0,2,2,2,2,1,99,1,1,1,0,0,5,0,1,0,1,0,0,1,0,0,1,3,88,0,0,0,1,FALSE
Guo,2015,148,0.151655434692699,0.0789291877318589,4,2,72.18,16.2,24,69.81,14.63,27,pcorrect,1,1,3,1,0,2,2,2,2,1,99,1,1,1,0,0,5,0,1,0,1,0,0,1,0,0,1,0,88,0,0,0,1,FALSE
Guo,2015,149,0.12536016174261,0.0806724496081235,5,2,71.74,15.75,23,69.81,14.63,27,pcorrect,1,1,3,1,0,2,2,2,2,1,99,1,1,1,0,0,5,0,1,0,1,0,0,1,0,0,1,8,88,0,0,0,1,FALSE
Guo,2015,150,0.188322329286945,0.0773780495342299,1,3,72.62,13.72,25,69.3,20.15,27,pcorrect,1,1,4,1,0,2,2,2,2,1,99,1,1,1,0,0,5,0,1,0,1,0,0,1,0,0,1,1,88,0,0,0,1,FALSE
Guo,2015,151,-0.240953140359772,0.0792729038590883,2,3,64.49,19.08,24,69.3,20.15,27,pcorrect,1,1,4,1,0,2,2,2,2,1,99,1,1,1,0,0,5,0,1,0,1,0,0,1,0,0,1,2,1,0,0,0,1,FALSE
Guo,2015,152,0.200726611800297,0.0790987152006137,3,3,72.87,13.94,24,69.3,20.15,27,pcorrect,1,1,4,1,0,2,2,2,2,1,99,1,1,1,0,0,5,0,1,0,1,0,0,1,0,0,1,3,88,0,0,0,1,FALSE
Guo,2015,153,-0.0151936578868582,0.0787059669119388,4,3,68.99,20.02,24,69.3,20.15,27,pcorrect,1,1,4,1,0,2,2,2,2,1,99,1,1,1,0,0,5,0,1,0,1,0,0,1,0,0,1,0,88,0,0,0,1,FALSE
Guo,2015,154,0.335968021911187,0.0816440430240714,5,3,75.4,14.73,23,69.3,20.15,27,pcorrect,1,1,4,1,0,2,2,2,2,1,99,1,1,1,0,0,5,0,1,0,1,0,0,1,0,0,1,8,88,0,0,0,1,FALSE
NA,NA,NA,NA,NA,NA,NA,NA,NA,NA,NA,NA,NA,NA,NA,NA,NA,NA,NA,NA,NA,NA,NA,NA,NA,NA,NA,NA,NA,NA,NA,NA,NA,NA,NA,NA,NA,NA,NA,NA,NA,NA,NA,NA,NA,NA,NA,NA
Hartshorn & Evans,2015,155,0.474585312469169,0.154170948496508,1,0,0.215,0.124,15,0.156,0.116,12,pcorrectTunit,1,0,2,4,0,1,1,2,2,1,99,99,0,1,1,0,2,0,1,0,99,1,0,2,99,0,0,2,1,0,1,0,1,FALSE
Hartshorn & Evans,2015,156,1.43629658957739,0.188202738763549,1,1,0.362,0.158,15,0.164,0.094,12,pcorrectTunit,1,0,2,4,0,1,1,2,2,1,99,99,0,1,1,0,2,0,1,0,99,1,0,2,99,0,0,2,1,0,1,0,1,FALSE
NA,NA,NA,NA,NA,NA,NA,NA,NA,NA,NA,NA,NA,NA,NA,NA,NA,NA,NA,NA,NA,NA,NA,NA,NA,NA,NA,NA,NA,NA,NA,NA,NA,NA,NA,NA,NA,NA,NA,NA,NA,NA,NA,NA,NA,NA,NA,NA
Hartshorn,2008,157,-0.437053829901158,0.0903779503024123,1,0,79.66,16.05,28,86.62,15.05,19,pcorrectTunit,1,1,2,99,0,2,1,2,2,2,99,99,0,0,1,0,2,0,0,1,1,1,0,2,1,1,0,2,1,0,1,0,4,FALSE
Hartshorn,2008,158,-0.649284412707241,0.0928306545402135,1,0,71.68,16.79,28,81.23,10,19,pcorrectTunit,2,1,2,99,0,2,1,2,2,2,99,99,0,0,1,0,2,0,0,1,1,1,0,2,1,1,0,2,1,0,1,0,4,FALSE
Hartshorn,2008,159,-0.0537122578527352,0.0883765562216928,1,0,95.8,5.17,28,96.07,4.58,19,pcorrectTunit,3,1,2,99,0,2,1,2,2,2,99,99,0,0,1,0,2,0,0,1,1,1,0,2,1,10,0,2,1,0,1,0,4,FALSE
Hartshorn,2008,160,-0.264881155382776,0.089092269198642507,1,0,93.63,6.9,28,95.31,5.08,19,pcorrectTunit,4,1,2,99,0,2,1,2,2,2,99,99,0,0,1,0,2,0,0,1,1,1,0,2,1,10,0,2,1,0,1,0,4,FALSE
Hartshorn,2008,161,0.328969028169734,0.0894971478690471,1,1,84.81,15.28,28,79.44,17.14,19,pcorrectTunit,1,1,2,99,0,2,1,2,2,2,99,99,0,0,1,0,2,0,0,1,1,1,0,2,1,1,0,2,1,0,1,0,4,FALSE
Hartshorn,2008,162,0.17556582974472,0.0886737727528663,1,1,79.31,15.17,28,76.84,11.54,19,pcorrectTunit,2,1,2,99,0,2,1,2,2,2,99,99,0,0,1,0,2,0,0,1,1,1,0,2,1,1,0,2,1,0,1,0,4,FALSE
Hartshorn,2008,163,0.421012917164019,0.0902315229214302,1,1,97.86,3.05,28,96.47,3.52,19,pcorrectTunit,3,1,2,99,0,2,1,2,2,2,99,99,0,0,1,0,2,0,0,1,1,1,0,2,1,10,0,2,1,0,1,0,4,FALSE
Hartshorn,2008,164,-0.41127611681341,0.0901453119410277,1,1,93.31,8.23,28,96.25,4.68,19,pcorrectTunit,4,1,2,99,0,2,1,2,2,2,99,99,0,0,1,0,2,0,0,1,1,1,0,2,1,10,0,2,1,0,1,0,4,FALSE
NA,NA,NA,NA,NA,NA,NA,NA,NA,NA,NA,NA,NA,NA,NA,NA,NA,NA,NA,NA,NA,NA,NA,NA,NA,NA,NA,NA,NA,NA,NA,NA,NA,NA,NA,NA,NA,NA,NA,NA,NA,NA,NA,NA,NA,NA,NA,NA
Jhowry,2010,165,-0.544895590517821,0.207422780114144,1,0,0.41,0.3,10,0.54,0.12,10,pcorrect,1,1,1,4,1,2,1,2,2,2,99,99,1,1,1,0,2,0,1,0,2,0,99,NA,0,0,2,1,88,1,1,0,1,FALSE
Jhowry,2010,166,-0.341180489997595,0.202910103168875,1,1,0.57,0.37,10,0.69,0.3,10,pcorrect,1,1,1,4,1,2,1,2,2,2,99,99,1,1,1,0,2,0,1,0,2,0,99,NA,0,0,2,1,88,1,1,0,1,FALSE
NA,NA,NA,NA,NA,NA,NA,NA,NA,NA,NA,NA,NA,NA,NA,NA,NA,NA,NA,NA,NA,NA,NA,NA,NA,NA,NA,NA,NA,NA,NA,NA,NA,NA,NA,NA,NA,NA,NA,NA,NA,NA,NA,NA,NA,NA,NA,NA
Jiang Xiao,2014,167,0.0705160681828411,0.065773516947509,1,0,0.36,0.14,29,0.35,0.14,32,TLU,1,0,1,2,1,1,2,2,2,1,99,99,1,99,0,0,5,0,1,0,1,0,88,1,1,1,2,0,88,99,99,0,1,FALSE
Jiang Xiao,2014,168,-0.177978265906321,0.063759463429899,2,0,0.32,0.19,31,0.35,0.14,32,TLU,1,0,1,2,1,1,2,2,2,1,99,99,1,99,0,0,5,0,1,0,1,0,88,1,1,1,2,0,88,99,99,0,1,FALSE
Jiang Xiao,2014,169,1.25708457938359,0.0786857228807227,1,1,0.51,0.12,29,0.37,0.1,32,TLU,1,0,1,2,1,1,2,2,2,1,99,99,1,99,0,0,5,0,1,0,1,0,88,1,1,1,2,0,88,99,99,0,1,FALSE
Jiang Xiao,2014,170,0.639912253771776,0.066757966837774,2,1,0.46,0.17,31,0.37,0.1,32,TLU,1,0,1,2,1,1,2,2,2,1,99,99,1,99,0,0,5,0,1,0,1,0,88,1,1,1,2,0,88,99,99,0,1,FALSE
Jiang Xiao,2014,171,1.65598294473355,0.0882104595489552,1,2,0.53,0.09,29,0.37,0.1,32,TLU,1,0,3,2,1,1,2,2,2,1,99,99,1,99,0,0,5,0,1,0,1,0,88,1,1,1,2,0,88,99,99,0,1,FALSE
Jiang Xiao,2014,172,0.853404876833638,0.0692882223240928,2,2,0.47,0.13,31,0.37,0.1,32,TLU,1,0,3,2,1,1,2,2,2,1,99,99,1,99,0,0,5,0,1,0,1,0,88,1,1,1,2,0,88,99,99,0,1,FALSE
NA,NA,NA,NA,NA,NA,NA,NA,NA,NA,NA,NA,NA,NA,NA,NA,NA,NA,NA,NA,NA,NA,NA,NA,NA,NA,NA,NA,NA,NA,NA,NA,NA,NA,NA,NA,NA,NA,NA,NA,NA,NA,NA,NA,NA,NA,NA,NA
Karim & Endley,2019,173,-0.389750855108458,0.0909735557196895,1,0,32.75,20.68,24,24.52,20.82,21,perror,1,0,2,2,0,0,2,2,2,1,99,99,1,0,1,1,5,0,1,0,1,99,99,1,99,2,2,0,88,99,1,0,1,TRUE
Karim & Endley,2019,174,-0.816411436535427,0.098671486144361,2,0,40.95,18.75,23,24.52,20.82,21,perror,1,0,2,2,0,0,2,2,2,1,99,99,1,0,1,1,5,0,1,0,1,99,99,1,99,2,2,1,88,99,1,0,1,TRUE
Karim & Endley,2019,175,-0.179564626126417,0.103587980802243,3,0,28.22,19.41,18,24.52,20.82,21,perror,1,0,2,2,0,0,2,2,2,1,99,99,1,0,1,1,5,0,1,0,1,99,99,1,99,2,2,3,88,99,1,0,1,TRUE
Karim & Endley,2019,176,-0.0192484549855966,0.089289830985929,1,1,24.95,16,24,24.61,18.79,21,perror,1,0,2,2,0,0,2,2,2,1,99,99,1,0,1,1,5,0,1,0,1,99,99,1,99,2,2,0,88,99,1,0,1,TRUE
Karim & Endley,2019,177,0.371524906506313,0.0926658398085506,2,1,18.52,13.18,23,24.61,18.79,21,perror,1,0,2,2,0,0,2,2,2,1,99,99,1,0,1,1,5,0,1,0,1,99,99,1,99,2,2,1,88,99,1,0,1,TRUE
Karim & Endley,2019,178,-0.503109603471856,0.106419722060572,3,1,35.5,23.73,18,24.61,18.79,21,perror,1,0,2,2,0,0,2,2,2,1,99,99,1,0,1,1,5,0,1,0,1,99,99,1,99,2,2,3,88,99,1,0,1,TRUE
Karim & Endley,2019,179,0.636790468805924,0.093791293187515,1,2,11.5,11.72,24,21.23,18.07,21,perror,1,0,3,2,0,0,2,2,2,1,99,99,1,0,1,1,5,0,1,0,1,99,99,1,99,2,2,0,88,99,1,0,1,TRUE
Karim & Endley,2019,180,0.32453458338042,0.0904559664613798,1,3,16.2,14.33,24,21.52,17.93,21,perror,1,0,3,2,0,0,2,2,2,1,99,99,1,0,1,1,5,0,1,0,1,99,99,1,99,2,2,0,88,99,1,0,1,TRUE
Karim & Endley,2019,181,0.863517475250556,0.0995707451938752,2,2,8.65,9.69,23,21.23,18.07,21,perror,1,0,3,2,0,0,2,2,2,1,99,99,1,0,1,1,5,0,1,0,1,99,99,1,99,2,2,1,88,99,1,0,1,TRUE
Karim & Endley,2019,182,0.493256745384771,0.0938621064075625,2,3,11.78,20.63,23,21.52,17.93,21,perror,1,0,3,2,0,0,2,2,2,1,99,99,1,0,1,1,5,0,1,0,1,99,99,1,99,2,2,1,88,99,1,0,1,TRUE
Karim & Endley,2019,183,0.0819951306126148,0.103260798064913,3,2,19.88,13.49,18,21.23,18.07,21,perror,1,0,3,2,0,0,2,2,2,1,99,99,1,0,1,1,5,0,1,0,1,99,99,1,99,2,2,3,88,99,1,0,1,TRUE
Karim & Endley,2019,184,-0.469962969901285,0.10600620821407,3,3,30.33,18.86,18,21.52,17.93,21,perror,1,0,3,2,0,0,2,2,2,1,99,99,1,0,1,1,5,0,1,0,1,99,99,1,99,2,2,3,88,99,1,0,1,TRUE
NA,NA,NA,NA,NA,NA,NA,NA,NA,NA,NA,NA,NA,NA,NA,NA,NA,NA,NA,NA,NA,NA,NA,NA,NA,NA,NA,NA,NA,NA,NA,NA,NA,NA,NA,NA,NA,NA,NA,NA,NA,NA,NA,NA,NA,NA,NA,NA
Karim & Nassaji,2018,185,NA,NA,1,0,NA,NA,14,NA,NA,12,NA,1,0,2,3,0,1,1,2,2,1,99,1,1,1,1,1,5,0,1,1,1,99,1,0,99,0,0,0,88,2,1,0,1,TRUE
Karim & Nassaji,2018,186,NA,NA,2,0,NA,NA,13,NA,NA,12,NA,1,0,2,3,0,1,1,2,2,1,99,1,1,1,1,1,5,0,1,1,1,99,1,0,99,0,0,1,88,2,1,0,1,TRUE
Karim & Nassaji,2018,187,NA,NA,1,1,NA,NA,14,NA,NA,12,NA,1,0,2,3,0,1,1,2,2,1,99,1,1,1,1,1,5,0,1,1,1,99,1,0,99,0,0,0,88,2,1,0,1,TRUE
Karim & Nassaji,2018,188,NA,NA,2,1,NA,NA,13,NA,NA,12,NA,1,0,2,3,0,1,1,2,2,1,99,1,1,1,1,1,5,0,1,1,1,99,1,0,99,0,0,1,88,2,1,0,1,TRUE
NA,NA,NA,NA,NA,NA,NA,NA,NA,NA,NA,NA,NA,NA,NA,NA,NA,NA,NA,NA,NA,NA,NA,NA,NA,NA,NA,NA,NA,NA,NA,NA,NA,NA,NA,NA,NA,NA,NA,NA,NA,NA,NA,NA,NA,NA,NA,NA
Kassim & Ng,2014,189,-0.00905355481408922,0.0666673497237897,1,0,71.04,9.63,30,71.13,9.99,30,pcorrect,1,0,1,2,99,1,2,2,2,1,99,1,99,99,1,0,5,0,1,1,2,0,0,1,99,2,2,1,88,99,99,0,1,FALSE
Kassim & Ng,2014,190,0.10567015597843,0.0667597181822042,2,0,72.17,9.43,30,71.13,9.99,30,pcorrect,1,0,1,2,99,1,2,2,2,1,99,1,99,99,1,0,5,0,1,1,2,0,0,1,99,2,2,1,88,99,99,0,1,FALSE
Kassim & Ng,2014,191,0.824349615792945,0.0723296024088164,1,1,77.8,9.55,30,70.37,8.19,30,pcorrect,1,0,1,2,99,1,2,2,2,1,99,1,99,99,1,0,5,0,1,1,2,0,0,1,99,2,2,1,88,99,99,0,1,FALSE
Kassim & Ng,2014,192,1.46895253589163,0.0846485129391872,2,1,81.77,7.09,30,70.37,8.19,30,pcorrect,1,0,1,2,99,1,2,2,2,1,99,1,99,99,1,0,5,0,1,1,2,0,0,1,99,2,2,1,88,99,99,0,1,FALSE
Kassim & Ng,2014,193,0.909120066795247,0.0735541607987482,1,2,78.27,9.28,30,70.2,8.21,30,pcorrect,1,0,4,2,99,1,2,2,2,1,99,1,99,99,1,0,5,0,1,1,2,0,0,1,99,2,2,1,88,99,99,0,1,FALSE
Kassim & Ng,2014,194,1.45252413921683,0.0842485531250634,2,2,81.3,6.81,30,70.2,8.21,30,pcorrect,1,0,4,2,99,1,2,2,2,1,99,1,99,99,1,0,5,0,1,1,2,0,0,1,99,2,2,1,88,99,99,0,1,FALSE
NA,NA,NA,NA,NA,NA,NA,NA,NA,NA,NA,NA,NA,NA,NA,NA,NA,NA,NA,NA,NA,NA,NA,NA,NA,NA,NA,NA,NA,NA,NA,NA,NA,NA,NA,NA,NA,NA,NA,NA,NA,NA,NA,NA,NA,NA,NA,NA
Mubarak,2013,195,-0.527620906037534,0.140386336676306,1,0,0.395,0.28,17,0.545,0.272,13,pcorrectTunit,1,0,1,4,1,2,2,2,2,0,0,1,1,1,1,0,77,1,1,0,1,99,0,1,99,0,0,0,88,2,1,0,4,FALSE
Mubarak,2013,196,-0.16776523726043,0.136215692582059,1,0,0.1,0.046,17,0.093,0.032,13,pcorrectTunit,2,0,1,4,1,2,2,2,2,0,0,1,1,1,1,0,77,1,1,0,1,99,0,1,99,0,0,0,88,2,1,0,4,TRUE
Mubarak,2013,197,-0.22901471502408,0.1366207353298,1,0,53.7,24.26,17,59.15,21.59,13,pcorrectTunit,3,0,1,4,1,2,2,2,2,0,0,1,1,1,1,0,77,1,1,0,1,99,0,1,99,0,0,0,88,2,1,0,4,FALSE
Mubarak,2013,198,0.375217863960111,0.138093080425421,1,0,57.11,23.89,17,48.23,21.82,13,pcorrectTunit,4,0,1,4,1,2,2,2,2,0,0,1,1,1,1,0,77,1,1,0,1,99,0,1,99,0,0,0,88,2,1,0,4,FALSE
Mubarak,2013,199,-0.346613595899684,0.141494473213809,2,0,0.446,0.282,16,0.545,0.272,13,pcorrectTunit,1,0,1,4,1,2,2,2,2,0,0,1,1,1,1,0,77,1,1,0,1,99,0,1,99,0,0,1,88,2,1,0,4,FALSE
Mubarak,2013,200,-0.37738463012555,0.141878579665404,2,0,0.105,0.03,16,0.093,0.032,13,pcorrectTunit,2,0,1,4,1,2,2,2,2,0,0,1,1,1,1,0,77,1,1,0,1,99,0,1,99,0,0,1,88,2,1,0,4,TRUE
Mubarak,2013,201,0.208694309967015,0.140173996147432,2,0,63.43,18.5,16,59.15,21.59,13,pcorrectTunit,3,0,1,4,1,2,2,2,2,0,0,1,1,1,1,0,77,1,1,0,1,99,0,1,99,0,0,1,88,2,1,0,4,FALSE
Mubarak,2013,202,0.39340203475824,0.142091441767075,2,0,55.25,12.67,16,48.23,21.82,13,pcorrectTunit,4,0,1,4,1,2,2,2,2,0,0,1,1,1,1,0,77,1,1,0,1,99,0,1,99,0,0,1,88,2,1,0,4,FALSE
Mubarak,2013,203,0.404258170979615,0.138470350814904,1,1,0.62,0.237,17,0.516,0.267,13,pcorrectTunit,1,0,1,4,1,2,2,2,2,0,0,1,1,1,1,0,77,1,1,0,1,99,0,1,99,0,0,0,88,2,1,0,4,FALSE
Mubarak,2013,204,1.07828362050318,0.155124865772266,1,1,0.055,0.023,17,0.083,0.028,13,pcorrectTunit,2,0,1,4,1,2,2,2,2,0,0,1,1,1,1,0,77,1,1,0,1,99,0,1,99,0,0,0,88,2,1,0,4,TRUE
Mubarak,2013,205,0.137468189704267,0.136061564721184,1,1,76.05,19.04,17,73.46,17.34,13,pcorrectTunit,3,0,1,4,1,2,2,2,2,0,0,1,1,1,1,0,77,1,1,0,1,99,0,1,99,0,0,0,88,2,1,0,4,FALSE
Mubarak,2013,206,0.283480426290306,0.13708595886967,1,1,71.76,25.8,17,64.76,21.43,13,pcorrectTunit,4,0,1,4,1,2,2,2,2,0,0,1,1,1,1,0,77,1,1,0,1,99,0,1,99,0,0,0,88,2,1,0,4,FALSE
Mubarak,2013,207,-0.0603606439395711,0.139485894290952,2,1,0.499,0.279,16,0.516,0.267,13,pcorrectTunit,1,0,1,4,1,2,2,2,2,0,0,1,1,1,1,0,77,1,1,0,1,99,0,1,99,0,0,1,88,2,1,0,4,FALSE
Mubarak,2013,208,1.08363215316579,0.159668915601951,2,1,0.053,0.026,16,0.083,0.028,13,pcorrectTunit,2,0,1,4,1,2,2,2,2,0,0,1,1,1,1,0,77,1,1,0,1,99,0,1,99,0,0,1,88,2,1,0,4,TRUE
Mubarak,2013,209,0.0131253534030129,0.139426047180007,2,1,73.68,15.4,16,73.46,17.34,13,pcorrectTunit,3,0,1,4,1,2,2,2,2,0,0,1,1,1,1,0,77,1,1,0,1,99,0,1,99,0,0,1,88,2,1,0,4,FALSE
Mubarak,2013,210,0.53930627717566,0.144437753829991,2,1,75.87,18.82,16,64.76,21.43,13,pcorrectTunit,4,0,1,4,1,2,2,2,2,0,0,1,1,1,1,0,77,1,1,0,1,99,0,1,99,0,0,1,88,2,1,0,4,FALSE
Mubarak,2013,211,0.399498889509338,0.138406595713494,1,2,0.52,0.205,17,0.436,0.204,13,pcorrectTunit,1,0,4,4,1,2,2,2,2,0,0,1,1,1,1,0,77,1,1,0,1,99,0,1,99,0,0,0,88,2,1,0,4,FALSE
Mubarak,2013,212,-0.53224384258297,0.140467998134299,1,2,0.062,0.027,17,0.078,0.032,13,pcorrectTunit,2,0,4,4,1,2,2,2,2,0,0,1,1,1,1,0,77,1,1,0,1,99,0,1,99,0,0,0,88,2,1,0,4,FALSE
Mubarak,2013,213,0.00554440692731534,0.135747118675644,1,2,67.17,20.1,17,67.07,13.41,13,pcorrectTunit,3,0,4,4,1,2,2,2,2,0,0,1,1,1,1,0,77,1,1,0,1,99,0,1,99,0,0,0,88,2,1,0,4,FALSE
Mubarak,2013,214,0.15404841096718,0.1361421215502,1,2,63.76,19.25,17,61,14.66,13,pcorrectTunit,4,0,4,4,1,2,2,2,2,0,0,1,1,1,1,0,77,1,1,0,1,99,0,1,99,0,0,0,88,2,1,0,4,FALSE
Mubarak,2013,215,0.375974092781996,0.141860258275546,2,2,0.513,0.195,16,0.436,0.204,13,pcorrectTunit,1,0,4,4,1,2,2,2,2,0,0,1,1,1,1,0,77,1,1,0,1,99,0,1,99,0,0,1,88,2,1,0,4,FALSE
Mubarak,2013,216,-0.754875228738883,0.149247846077621,2,2,0.056,0.025,16,0.078,0.032,13,pcorrectTunit,2,0,4,4,1,2,2,2,2,0,0,1,1,1,1,0,77,1,1,0,1,99,0,1,99,0,0,1,88,2,1,0,4,FALSE
Mubarak,2013,217,0.0472552262726342,0.139461577895664,2,2,67.75,14.43,16,67.07,13.41,13,pcorrectTunit,3,0,4,4,1,2,2,2,2,0,0,1,1,1,1,0,77,1,1,0,1,99,0,1,99,0,0,1,88,2,1,0,4,FALSE
Mubarak,2013,218,0.367474641052916,0.141751311609576,2,2,65.62,9.84,16,61,14.66,13,pcorrectTunit,4,0,4,4,1,2,2,2,2,0,0,1,1,1,1,0,77,1,1,0,1,99,0,1,99,0,0,1,88,2,1,0,4,FALSE
NA,NA,NA,NA,NA,NA,NA,NA,NA,NA,NA,NA,NA,NA,NA,NA,NA,NA,NA,NA,NA,NA,NA,NA,NA,NA,NA,NA,NA,NA,NA,NA,NA,NA,NA,NA,NA,NA,NA,NA,NA,NA,NA,NA,NA,NA,NA,NA
Munoz,2011,219,-0.319782537986253,0.107944927561678,1,0,13.02,7.62,25,10.76,5.54,15,NA,1,1,2,3,2,2,2,2,2,99,99,99,1,0,0,0,5,0,1,0,2,1,1,1,1,0,2,2,1,1,1,0,1,TRUE
Munoz,2011,220,0.00180682423816883,0.112121256237615,2,0,10.75,5.33,22,10.76,5.54,15,NA,1,1,2,3,2,2,2,2,2,99,99,99,1,0,0,0,5,0,1,0,2,1,1,1,1,0,2,1,88,1,1,0,1,TRUE
Munoz,2011,221,0.15356139287532,0.106961430433939,1,1,9.79,7.11,25,10.85,6.13,15,NA,1,1,2,3,2,2,2,2,2,99,99,99,1,0,0,0,5,0,1,0,2,1,1,1,1,0,2,2,1,1,1,0,1,TRUE
Munoz,2011,222,-0.118543118280576,0.112311110376505,2,1,11.51,4.94,22,10.85,6.13,15,NA,1,1,2,3,2,2,2,2,2,99,99,99,1,0,0,0,5,0,1,0,2,1,1,1,1,0,2,1,88,1,1,0,1,TRUE
NA,NA,NA,NA,NA,NA,NA,NA,NA,NA,NA,NA,NA,NA,NA,NA,NA,NA,NA,NA,NA,NA,NA,NA,NA,NA,NA,NA,NA,NA,NA,NA,NA,NA,NA,NA,NA,NA,NA,NA,NA,NA,NA,NA,NA,NA,NA,NA
Nakazawa,2006,223,NA,NA,1,0,NA,NA,15,NA,NA,10,NA,1,2,4,3,1,2,2,2,2,0,99,0,1,1,1,0,6,1,99,99,1,1,0,0,0,0,1,0,88,1,1,0,1,TRUE
Nakazawa,2006,224,NA,NA,2,0,NA,NA,16,NA,NA,10,NA,1,2,4,3,1,2,2,2,2,0,99,0,1,1,1,0,6,1,99,99,1,1,0,0,0,0,1,2,1,1,1,0,1,TRUE
Nakazawa,2006,225,NA,NA,3,0,NA,NA,17,NA,NA,10,NA,1,2,4,3,1,2,2,2,2,0,99,0,1,1,1,0,6,1,99,99,1,1,0,0,0,0,1,15,88,1,1,0,1,TRUE
Nakazawa,2006,226,NA,NA,1,1,NA,NA,15,NA,NA,10,NA,1,2,4,3,1,2,2,2,2,0,99,0,1,1,1,0,6,1,99,99,1,1,0,0,0,0,1,0,88,1,1,0,1,TRUE
Nakazawa,2006,227,NA,NA,2,1,NA,NA,16,NA,NA,10,NA,1,2,4,3,1,2,2,2,2,0,99,0,1,1,1,0,6,1,99,99,1,1,0,0,0,0,1,2,1,1,1,0,1,TRUE
Nakazawa,2006,228,NA,NA,3,1,NA,NA,17,NA,NA,10,NA,1,2,4,3,1,2,2,2,2,0,99,0,1,1,1,0,6,1,99,99,1,1,0,0,0,0,1,15,88,1,1,0,1,TRUE
NA,NA,NA,NA,NA,NA,NA,NA,NA,NA,NA,NA,NA,NA,NA,NA,NA,NA,NA,NA,NA,NA,NA,NA,NA,NA,NA,NA,NA,NA,NA,NA,NA,NA,NA,NA,NA,NA,NA,NA,NA,NA,NA,NA,NA,NA,NA,NA
Nemati et al,2019,229,0.290709830086727,0.0700236550472096,1,0,39.18,4.29,27,37.7,5.58,31,TLU,1,2,2,3,0,1,2,3,1,0,0,0,1,1,1,0,77,1,1,0,99,0,99,1,0,3,2,0,88,1,1,0,1,FALSE
Nemati et al,2019,230,0.57263558681718,0.0694734190975641,2,0,40.86,5.3,29,37.7,5.58,31,TLU,1,2,2,3,0,1,2,3,1,0,0,0,1,1,1,0,77,1,1,0,99,0,99,1,0,3,2,1,88,1,1,0,1,FALSE
Nemati et al,2019,231,4.1192306653679,0.215571491850642,1,1,70.33,12.87,27,22.87,9.88,31,TLU,1,2,2,3,0,1,2,3,1,0,0,0,1,1,1,0,77,1,1,0,99,0,99,1,0,3,2,0,88,1,1,0,1,FALSE
Nemati et al,2019,232,1.93551690817257,0.0979593706520013,2,1,48.24,15.56,29,22.87,9.88,31,TLU,1,2,2,3,0,1,2,3,1,0,0,0,1,1,1,0,77,1,1,0,99,0,99,1,0,3,2,1,88,1,1,0,1,FALSE
Nemati et al,2019,233,3.97780021365226,0.205699364826717,1,2,57.59,12.66,27,16.41,7.47,31,TLU,1,2,3,3,0,1,2,3,1,0,0,0,1,1,1,0,77,1,1,0,99,0,99,1,0,3,2,0,88,1,1,0,1,FALSE
Nemati et al,2019,234,1.92477247066374,0.0976137320020273,2,2,35.48,11.76,29,16.41,7.47,31,TLU,1,2,3,3,0,1,2,3,1,0,0,0,1,1,1,0,77,1,1,0,99,0,99,1,0,3,2,1,88,1,1,0,1,FALSE
NA,NA,NA,NA,NA,NA,NA,NA,NA,NA,NA,NA,NA,NA,NA,NA,NA,NA,NA,NA,NA,NA,NA,NA,NA,NA,NA,NA,NA,NA,NA,NA,NA,NA,NA,NA,NA,NA,NA,NA,NA,NA,NA,NA,NA,NA,NA,NA
Nusrat et al,2019,235,0.129451632726838,0.0801675772521564,1,0,1.92,0.7,25,2,0.5,25,perror,1,0,4,2,2,0,2,2,2,99,99,99,0,1,1,0,5,0,1,0,99,99,0,0,1,1,1,2,1,0,1,0,3,TRUE
Nusrat et al,2019,236,0.116652139123714,0.0801360772156213,1,0,1.88,0.67,25,1.96,0.68,25,perror,2,0,4,2,2,0,2,2,2,99,99,99,0,1,1,0,5,0,1,0,99,99,0,0,1,2,1,2,1,0,1,0,3,TRUE
Nusrat et al,2019,237,-0.290595827529414,0.080844459349775,1,0,1.56,0.77,25,1.36,0.57,25,perror,3,0,4,2,2,0,2,2,2,99,99,99,0,1,1,0,5,0,1,0,99,99,0,0,1,3,1,2,1,0,1,0,3,TRUE
Nusrat et al,2019,238,-0.0601174257485819,0.0800361410487863,1,2,1.96,0.73,25,1.92,0.57,25,perror,1,0,4,2,2,0,2,2,2,99,99,99,0,1,1,0,5,0,1,0,99,99,0,0,1,1,1,2,1,0,1,0,3,TRUE
Nusrat et al,2019,239,-0.11667774881428,0.0801361369706836,1,2,2.24,0.78,25,2.16,0.55,25,perror,2,0,4,2,2,0,2,2,2,99,99,99,0,1,1,0,5,0,1,0,99,99,0,0,1,2,1,2,1,0,1,0,3,TRUE
Nusrat et al,2019,240,1.01327143129581,0.0902671899348027,1,2,0.8,0.5,25,1.64,1.04,25,perror,3,0,4,2,2,0,2,2,2,99,99,99,0,1,1,0,5,0,1,0,99,99,0,0,1,3,1,2,1,0,1,0,3,TRUE
NA,NA,NA,NA,NA,NA,NA,NA,NA,NA,NA,NA,NA,NA,NA,NA,NA,NA,NA,NA,NA,NA,NA,NA,NA,NA,NA,NA,NA,NA,NA,NA,NA,NA,NA,NA,NA,NA,NA,NA,NA,NA,NA,NA,NA,NA,NA,NA
Pariyanto & Cahyono,2016,241,-0.0981518181877212,0.160449085844681,1,0,7.52,0.78,13,7.61,0.99,12,perror,1,1,1,4,1,0,2,2,2,1,99,99,1,0,1,1,2,0,1,0,2,99,99,0,0,0,0,0,88,2,1,0,1,FALSE
Pariyanto & Cahyono,2016,242,0.746956493335978,0.171415290315145,1,1,8.53,0.71,13,7.79,1.17,12,perror,1,1,1,4,1,0,2,2,2,1,99,99,1,0,1,1,2,0,1,0,2,99,99,0,0,0,0,0,88,2,1,0,1,FALSE
Pariyanto & Cahyono,2016,243,-0.0836680197208079,0.16039641700689,1,2,7.8,1.04,13,7.9,1.27,12,perror,1,1,3,4,1,0,2,2,2,1,99,99,1,0,1,1,2,0,1,0,2,99,99,0,0,0,0,0,88,2,1,0,1,FALSE
NA,NA,NA,NA,NA,NA,NA,NA,NA,NA,NA,NA,NA,NA,NA,NA,NA,NA,NA,NA,NA,NA,NA,NA,NA,NA,NA,NA,NA,NA,NA,NA,NA,NA,NA,NA,NA,NA,NA,NA,NA,NA,NA,NA,NA,NA,NA,NA
Parreno,2015,244,-0.0400753559717136,0.114402028312409,1,0,2.79,2.12,18,2.72,1.11,17,perror,1,1,2,4,99,0,2,2,2,1,99,0,1,1,1,0,6,0,1,0,1,99,0,0,1,0,1,1,88,99,1,0,4,TRUE
Parreno,2015,245,0.234172573125686,0.11516246773881,1,0,2.07,1.6,18,2.45,1.57,17,perror,2,1,2,4,99,0,2,2,2,1,99,0,1,1,1,0,6,0,1,0,1,99,0,0,1,0,1,1,88,99,1,0,4,TRUE
Parreno,2015,246,0.132176696547806,0.114628666097467,1,0,1.07,0.71,18,1.18,0.91,17,perror,3,1,2,4,99,0,2,2,2,1,99,0,1,1,1,0,6,0,1,0,1,99,0,0,1,0,1,1,88,99,1,0,4,TRUE
Parreno,2015,247,0.218445122092752,0.115060774558264,1,0,1.36,0.6,18,1.53,0.9,17,perror,4,1,2,4,99,0,2,2,2,1,99,0,1,1,1,0,6,0,1,0,1,99,0,0,1,0,1,1,88,99,1,0,4,TRUE
Parreno,2015,248,-0.448260374628581,0.139095562392544,2,0,3.26,1.25,13,2.72,1.11,17,perror,1,1,2,4,99,0,2,2,2,1,99,0,1,1,1,0,6,0,1,0,1,99,0,0,1,0,1,0,88,99,1,0,4,TRUE
Parreno,2015,249,0.211613720912484,0.136492945782815,2,0,2.1,1.66,13,2.45,1.57,17,perror,2,1,2,4,99,0,2,2,2,1,99,0,1,1,1,0,6,0,1,0,1,99,0,0,1,0,1,0,88,99,1,0,4,TRUE
Parreno,2015,250,-0.154378730334348,0.136143819541169,2,0,1.3,0.48,13,1.18,0.91,17,perror,3,1,2,4,99,0,2,2,2,1,99,0,1,1,1,0,6,0,1,0,1,99,0,0,1,0,1,0,88,99,1,0,4,TRUE
Parreno,2015,251,0.174056924393007,0.136251536550327,2,0,1.4,0.39,13,1.53,0.9,17,perror,4,1,2,4,99,0,2,2,2,1,99,0,1,1,1,0,6,0,1,0,1,99,0,0,1,0,1,0,88,99,1,0,4,TRUE
Parreno,2015,252,-0.373859318844055,0.110712323875096,3,0,3.4,2.19,20,2.72,1.11,17,perror,1,1,2,4,99,0,2,2,2,1,99,0,1,1,1,0,6,0,1,0,1,99,0,0,1,0,1,2,1,99,1,0,4,TRUE
Parreno,2015,253,0.219038806277225,0.109471880744945,3,0,2.15,1.11,20,2.45,1.57,17,perror,2,1,2,4,99,0,2,2,2,1,99,0,1,1,1,0,6,0,1,0,1,99,0,0,1,0,1,2,1,99,1,0,4,TRUE
Parreno,2015,254,-0.0801188002006427,0.108910272954272,3,0,1.24,0.54,20,1.18,0.91,17,perror,3,1,2,4,99,0,2,2,2,1,99,0,1,1,1,0,6,0,1,0,1,99,0,0,1,0,1,2,1,99,1,0,4,TRUE
Parreno,2015,255,0.44210008976868,0.111464779268163,3,0,1.22,0.43,20,1.53,0.9,17,perror,4,1,2,4,99,0,2,2,2,1,99,0,1,1,1,0,6,0,1,0,1,99,0,0,1,0,1,2,1,99,1,0,4,TRUE
Parreno,2015,256,0.391049144664183,0.116563648303642,1,1,1.83,1.77,18,2.49,1.51,17,perror,1,1,2,4,99,0,2,2,2,1,99,0,1,1,1,0,6,0,1,0,1,99,0,0,1,0,1,1,88,99,1,0,4,TRUE
Parreno,2015,257,0.231322927105956,0.115143517775961,1,1,2.01,1.98,18,2.45,1.72,17,perror,2,1,2,4,99,0,2,2,2,1,99,0,1,1,1,0,6,0,1,0,1,99,0,0,1,0,1,1,88,99,1,0,4,TRUE
Parreno,2015,258,0.767255957036168,0.122788823590284,1,1,1.03,0.5,18,1.65,1.01,17,perror,3,1,2,4,99,0,2,2,2,1,99,0,1,1,1,0,6,0,1,0,1,99,0,0,1,0,1,1,88,99,1,0,4,TRUE
Parreno,2015,259,0.769682682480196,0.122842105420319,1,1,0.91,0.62,18,1.41,0.65,17,perror,4,1,2,4,99,0,2,2,2,1,99,0,1,1,1,0,6,0,1,0,1,99,0,0,1,0,1,1,88,99,1,0,4,TRUE
Parreno,2015,260,-0.530556034185364,0.140438101425016,2,1,3.33,1.58,13,2.49,1.51,17,perror,1,1,2,4,99,0,2,2,2,1,99,0,1,1,1,0,6,0,1,0,1,99,0,0,1,0,1,0,88,99,1,0,4,TRUE
Parreno,2015,261,0.23317183222558,0.136652758057232,2,1,2.01,1.98,13,2.45,1.72,17,perror,2,1,2,4,99,0,2,2,2,1,99,0,1,1,1,0,6,0,1,0,1,99,0,0,1,0,1,0,88,99,1,0,4,TRUE
Parreno,2015,262,0.550431393924491,0.140796184991802,2,1,1.15,0.68,13,1.65,1.01,17,perror,3,1,2,4,99,0,2,2,2,1,99,0,1,1,1,0,6,0,1,0,1,99,0,0,1,0,1,0,88,99,1,0,4,TRUE
Parreno,2015,263,0.722208123061447,0.144439682551773,2,1,0.94,0.61,13,1.41,0.65,17,perror,4,1,2,4,99,0,2,2,2,1,99,0,1,1,1,0,6,0,1,0,1,99,0,0,1,0,1,0,88,99,1,0,4,TRUE
Parreno,2015,264,0.675513876420015,0.114990002347386,3,1,1.59,1.1,20,2.49,1.51,17,perror,1,1,2,4,99,0,2,2,2,1,99,0,1,1,1,0,6,0,1,0,1,99,0,0,1,0,1,2,1,99,1,0,4,TRUE
Parreno,2015,265,1.58308111451627,0.142690364751468,3,1,0.52,0.36,20,2.45,1.72,17,perror,2,1,2,4,99,0,2,2,2,1,99,0,1,1,1,0,6,0,1,0,1,99,0,0,1,0,1,2,1,99,1,0,4,TRUE
Parreno,2015,266,1.56425625839984,0.141889713762347,3,1,0.47,0.38,20,1.65,1.01,17,perror,3,1,2,4,99,0,2,2,2,1,99,0,1,1,1,0,6,0,1,0,1,99,0,0,1,0,1,2,1,99,1,0,4,TRUE
Parreno,2015,267,1.41260139865146,0.135788971458684,3,1,0.51,0.6,20,1.41,0.65,17,perror,4,1,2,4,99,0,2,2,2,1,99,0,1,1,1,0,6,0,1,0,1,99,0,0,1,0,1,2,1,99,1,0,4,TRUE
NA,NA,NA,NA,NA,NA,NA,NA,NA,NA,NA,NA,NA,NA,NA,NA,NA,NA,NA,NA,NA,NA,NA,NA,NA,NA,NA,NA,NA,NA,NA,NA,NA,NA,NA,NA,NA,NA,NA,NA,NA,NA,NA,NA,NA,NA,NA,NA
Pashazadeh,2017,268,0.238460880254601,0.0917434856637469,1,0,17.58,12.53,23,14.94,8.69,21,TLU,1,1,1,2,1,0,2,2,2,1,2,99,0,0,1,0,7,1,1,0,1,0,99,1,0,0,1,0,88,1,0,0,1,FALSE
Pashazadeh,2017,269,0.161451784899651,0.106785559647223,2,0,16.36,8.51,17,14.94,8.69,21,TLU,1,1,1,2,1,0,2,2,2,1,2,99,0,0,1,0,7,1,1,0,1,0,99,1,0,0,1,0,88,1,0,0,1,FALSE
Pashazadeh,2017,270,-0.230907411712068,0.110839564278285,3,0,13.01,7.44,16,14.94,8.69,21,TLU,1,1,1,2,1,0,2,2,2,1,2,99,0,0,1,0,7,1,1,0,1,0,99,1,0,0,1,0,88,1,1,0,1,FALSE
Pashazadeh,2017,271,1.27104878788736,0.109456001911225,1,1,33.41,15.65,23,17.14,7.9,21,TLU,1,1,1,2,1,0,2,2,2,1,2,99,0,0,1,0,7,1,1,0,1,0,99,1,0,0,1,0,88,1,0,0,1,FALSE
Pashazadeh,2017,272,0.484726990134696,0.109534159332983,2,1,23.64,17.6,17,17.14,7.9,21,TLU,1,1,1,2,1,0,2,2,2,1,2,99,0,0,1,0,7,1,1,0,1,0,99,1,0,0,1,0,88,1,0,0,1,FALSE
Pashazadeh,2017,273,0.941672262392706,0.122102110453639,3,1,28.03,14.68,16,17.14,7.9,21,TLU,1,1,1,2,1,0,2,2,2,1,2,99,0,0,1,0,7,1,1,0,1,0,99,1,0,0,1,0,88,1,1,0,1,FALSE
Pashazadeh,2017,274,0.514842525731765,0.0941093860602249,1,2,22.12,8.57,23,17.42,9.38,21,TLU,1,1,3,2,1,0,2,2,2,1,2,99,0,0,1,0,7,1,1,0,1,0,99,1,0,0,1,0,88,1,0,0,1,FALSE
Pashazadeh,2017,275,0.0808232824043229,0.106528529701583,2,2,18.19,9.26,17,17.42,9.38,21,TLU,1,1,3,2,1,0,2,2,2,1,2,99,0,0,1,0,7,1,1,0,1,0,99,1,0,0,1,0,88,1,0,0,1,FALSE
Pashazadeh,2017,276,-0.266600542139424,0.111079532065926,3,2,15.08,7.4,16,17.42,9.38,21,TLU,1,1,3,2,1,0,2,2,2,1,2,99,0,0,1,0,7,1,1,0,1,0,99,1,0,0,1,0,88,1,1,0,1,FALSE
NA,NA,NA,NA,NA,NA,NA,NA,NA,NA,NA,NA,NA,NA,NA,NA,NA,NA,NA,NA,NA,NA,NA,NA,NA,NA,NA,NA,NA,NA,NA,NA,NA,NA,NA,NA,NA,NA,NA,NA,NA,NA,NA,NA,NA,NA,NA,NA
Polio & Fleck,1998,277,0.0663772580044948,0.0617037210710898,1,0,0.263,0.14,34,0.254,0.127,31,pcorrectTunit,1,0,2,4,0,1,1,2,2,99,99,1,1,0,1,0,6,0,1,0,99,1,1,2,99,0,0,99,0,99,1,0,2,FALSE
Polio & Fleck,1998,278,0.132126111076372,0.0618041162160742,1,0,0.208,0.127,34,0.192,0.111,31,NA,2,0,2,4,0,1,1,2,2,99,99,1,1,0,1,0,6,0,1,0,99,1,1,2,99,0,0,99,0,99,1,0,2,FALSE
Polio & Fleck,1998,279,0.0976156580797106,0.0617431278120293,1,1,0.311,0.132,34,0.296,0.171,31,pcorrectTunit,1,0,2,4,0,1,1,2,2,99,99,1,1,0,1,0,6,0,1,0,99,1,1,2,99,0,0,99,0,99,1,0,2,FALSE
Polio & Fleck,1998,280,0.0138611614553151,0.0616713071589105,1,1,0.249,0.127,34,0.235,1.44,31,NA,2,0,2,4,0,1,1,2,2,99,99,1,1,0,1,0,6,0,1,0,99,1,1,2,99,0,0,99,0,99,1,0,2,FALSE
NA,NA,NA,NA,NA,NA,NA,NA,NA,NA,NA,NA,NA,NA,NA,NA,NA,NA,NA,NA,NA,NA,NA,NA,NA,NA,NA,NA,NA,NA,NA,NA,NA,NA,NA,NA,NA,NA,NA,NA,NA,NA,NA,NA,NA,NA,NA,NA
Rahimi,2009,281,0.135262062287362,0.0684420864056322,1,0,12.28,9.56,32,13.57,9.23,27,NA,1,1,3,3,1,1,2,2,2,1,99,99,99,1,1,0,2,0,0,0,2,99,99,0,99,0,0,2,0,1,1,0,1,TRUE
Rahimi,2009,282,0.581566296485544,0.0711533027760871,1,1,5.6,3.52,32,8.32,5.65,27,NA,1,1,3,3,1,1,2,2,2,1,99,99,99,1,1,0,2,0,0,0,2,99,99,0,99,0,0,2,0,1,1,0,1,TRUE
NA,NA,NA,NA,NA,NA,NA,NA,NA,NA,NA,NA,NA,NA,NA,NA,NA,NA,NA,NA,NA,NA,NA,NA,NA,NA,NA,NA,NA,NA,NA,NA,NA,NA,NA,NA,NA,NA,NA,NA,NA,NA,NA,NA,NA,NA,NA,NA
Rummel & Bitchener,2015,283,-0.560688582999167,0.198394131078272,1,0,85.19,9.22,10,90.49,8.94,11,pcorrect,1,0,2,2,1,0,2,3,2,2,99,1,0,0,0,0,6,0,1,0,2,99,99,1,99,3,2,0,0,99,2,0,1,FALSE
Rummel & Bitchener,2015,284,-0.586449483769064,0.199097733695114,2,0,83.31,14.24,10,90.49,8.94,11,pcorrect,1,0,2,2,1,0,2,3,2,2,99,1,0,0,0,0,6,0,1,0,2,99,99,1,99,3,2,2,0,99,2,0,1,FALSE
Rummel & Bitchener,2015,285,-0.609307803122618,0.190255818157866,3,0,84.77,9.12,11,90.49,8.94,11,pcorrect,1,0,2,2,1,0,2,3,2,2,99,1,0,0,0,0,6,0,1,0,2,99,99,1,99,3,2,3,0,99,2,0,1,FALSE
Rummel & Bitchener,2015,286,0.488276427337796,0.196585611611323,1,1,94.47,8.89,10,90.73,5.62,11,pcorrect,1,0,2,2,1,0,2,3,2,2,99,1,0,0,0,0,6,0,1,0,2,99,99,1,99,3,2,0,0,99,2,0,1,FALSE
Rummel & Bitchener,2015,287,0.897754423837998,0.21009868627863101,2,1,95.77,5.12,10,90.73,5.62,11,pcorrect,1,0,2,2,1,0,2,3,2,2,99,1,0,0,0,0,6,0,1,0,2,99,99,1,99,3,2,2,0,99,2,0,1,FALSE
Rummel & Bitchener,2015,288,0.884648179993307,0.19960460005376,3,1,96.22,6.3,11,90.73,5.62,11,pcorrect,1,0,2,2,1,0,2,3,2,2,99,1,0,0,0,0,6,0,1,0,2,99,99,1,99,3,2,3,0,99,2,0,1,FALSE
Rummel & Bitchener,2015,289,0.0401489534302786,0.19094747039627,1,2,91.23,8.21,10,90.91,7.11,11,pcorrect,1,0,3,2,1,0,2,3,2,2,99,1,0,0,0,0,6,0,1,0,2,99,99,1,99,3,2,0,0,99,2,0,1,FALSE
Rummel & Bitchener,2015,290,0.0665785399893831,0.191014631432593,2,2,91.52,10.35,10,90.91,7.11,11,pcorrect,1,0,3,2,1,0,2,3,2,2,99,1,0,0,0,0,6,0,1,0,2,99,99,1,99,3,2,2,0,99,2,0,1,FALSE
Rummel & Bitchener,2015,291,0.184385445955995,0.182590863470008,3,2,92.38,8.19,11,90.91,7.11,11,pcorrect,1,0,3,2,1,0,2,3,2,2,99,1,0,0,0,0,6,0,1,0,2,99,99,1,99,3,2,3,0,99,2,0,1,FALSE
NA,NA,NA,NA,NA,NA,NA,NA,NA,NA,NA,NA,NA,NA,NA,NA,NA,NA,NA,NA,NA,NA,NA,NA,NA,NA,NA,NA,NA,NA,NA,NA,NA,NA,NA,NA,NA,NA,NA,NA,NA,NA,NA,NA,NA,NA,NA,NA
Seiffedin & El-Sakka,2017,292,0.912180763673872,0.0921456957197386,1,0,21.6,2.96,25,18.84,2.9935,23,nerror,1,0,2,4,99,0,2,2,2,99,99,99,1,1,1,0,2,0,1,0,99,2,0,4,1,0,0,15,0,99,99,0,1,FALSE
Seiffedin & El-Sakka,2017,293,6.4129062185481,0.511867491785117,1,1,36.62,2.19,25,21.24,2.5304,23,nerror,1,0,2,4,99,0,2,2,2,99,99,99,1,1,1,0,2,0,1,0,99,2,0,4,1,0,0,15,0,99,99,0,1,FALSE
NA,NA,NA,NA,NA,NA,NA,NA,NA,NA,NA,NA,NA,NA,NA,NA,NA,NA,NA,NA,NA,NA,NA,NA,NA,NA,NA,NA,NA,NA,NA,NA,NA,NA,NA,NA,NA,NA,NA,NA,NA,NA,NA,NA,NA,NA,NA,NA
Sheen a,2007,294,-0.201447021474329,0.068316256183473,1,0,53.1,19.8,31,57.3,21.4,28,TLU,1,0,1,2,1,1,1,2,2,1,99,99,99,99,1,0,6,1,1,0,0,0,0,0,99,1,2,0,88,1,0,0,1,FALSE
Sheen a,2007,295,0.013975505184671,0.0669659133371621,2,0,57.6,21,32,57.3,21.4,28,TLU,1,0,1,2,1,1,1,2,2,1,99,99,99,99,1,0,6,1,1,0,0,0,0,0,99,1,2,8,88,1,0,0,1,FALSE
Sheen a,2007,296,0.103552339725858,0.0680632238495901,1,1,66.3,21.4,31,63.9,24.4,28,TLU,1,0,1,2,1,1,1,2,2,1,99,99,99,99,1,0,6,1,1,0,0,0,0,0,99,1,2,0,88,1,0,0,1,FALSE
Sheen a,2007,297,0.452278426132362,0.0686689171704921,2,1,73.9,19.3,32,63.9,24.4,28,TLU,1,0,1,2,1,1,1,2,2,1,99,99,99,99,1,0,6,1,1,0,0,0,0,0,99,1,2,8,88,1,0,0,1,FALSE
Sheen a,2007,298,0.0463843751062926,0.0679905833681605,1,2,64.9,19.8,31,63.9,22.8,28,TLU,1,0,3,2,1,1,1,2,2,1,99,99,99,99,1,0,6,1,1,0,0,0,0,0,99,1,2,0,88,1,0,0,1,FALSE
Sheen a,2007,299,0.715090507884519,0.0712255726681735,2,2,78.8,18.4,32,63.9,22.8,28,TLU,1,0,3,2,1,1,1,2,2,1,99,99,99,99,1,0,6,1,1,0,0,0,0,0,99,1,2,8,88,1,0,0,1,FALSE
NA,NA,NA,NA,NA,NA,NA,NA,NA,NA,NA,NA,NA,NA,NA,NA,NA,NA,NA,NA,NA,NA,NA,NA,NA,NA,NA,NA,NA,NA,NA,NA,NA,NA,NA,NA,NA,NA,NA,NA,NA,NA,NA,NA,NA,NA,NA,NA
Sheen b,2010,300,-0.317822687068817,0.0688283778610557,1,0,44.1,11.9,31,48.3,14.2,28,TLU,1,3,1,1,1,1,1,2,2,1,99,99,0,99,1,0,6,0,1,0,99,0,0,1,99,1,2,0,88,0,2,0,1,FALSE
Sheen b,2010,301,0.0817213524778086,0.0670199388763757,2,0,49.6,16.9,32,48.3,14.2,28,TLU,1,3,1,1,1,1,1,2,2,1,99,99,0,99,1,0,6,0,1,0,99,0,0,1,99,1,2,8,88,0,2,0,1,FALSE
Sheen b,2010,302,0.396170946940426,0.0693024470032933,1,1,58.3,15.3,31,52.1,15.6,28,TLU,1,3,1,1,1,1,1,2,2,1,99,99,0,99,1,0,6,0,1,0,99,0,0,1,99,1,2,0,88,0,2,0,1,FALSE
Sheen b,2010,303,0.821578782131965,0.072589216508031,2,1,65.4,16.3,32,52.1,15.6,28,TLU,1,3,1,1,1,1,1,2,2,1,99,99,0,99,1,0,6,0,1,0,99,0,0,1,99,1,2,8,88,0,2,0,1,FALSE
Sheen b,2010,304,0.406874989567339,0.0693752930874946,1,2,57.5,14.4,31,51.2,16.2,28,TLU,1,3,3,1,1,1,1,2,2,1,99,99,0,99,1,0,6,0,1,0,99,0,0,1,99,1,2,0,88,0,2,0,1,FALSE
Sheen b,2010,305,1.14232349688684,0.0778384771437838,2,2,69.4,15.3,32,51.2,16.2,28,TLU,1,3,3,1,1,1,1,2,2,1,99,99,0,99,1,0,6,0,1,0,99,0,0,1,99,1,2,8,88,0,2,0,1,FALSE
NA,NA,NA,NA,NA,NA,NA,NA,NA,NA,NA,NA,NA,NA,NA,NA,NA,NA,NA,NA,NA,NA,NA,NA,NA,NA,NA,NA,NA,NA,NA,NA,NA,NA,NA,NA,NA,NA,NA,NA,NA,NA,NA,NA,NA,NA,NA,NA
Sheen et al,2009,306,0.516611030316713,0.101340843385388,1,0,60.2,13.1,22,53,14.3,19,TLU,1,3,2,2,1,1,1,2,2,1,2,99,0,99,0,0,6,0,1,0,99,99,99,4,99,1,2,0,88,0,1,0,4,FALSE
Sheen et al,2009,307,0.268921126262842,0.10890610561442,1,0,60.2,13.1,22,56.4,14.8,16,TLU,2,0,2,2,1,1,1,2,2,1,2,99,0,99,0,0,6,0,1,0,99,99,99,4,99,1,2,0,88,0,1,0,4,FALSE
Sheen et al,2009,308,-0.236330639131981,0.0967747466144637,1,0,55.9,11.9,23,58.9,13.1,19,TLU,3,3,2,2,1,1,1,2,2,1,2,99,0,99,0,0,6,0,1,0,99,99,99,4,99,0,1,0,88,0,1,0,4,FALSE
Sheen et al,2009,309,0.100469662250476,0.106107673087933,1,0,55.9,11.9,23,54.7,11.4,16,TLU,4,0,2,2,1,1,1,2,2,1,2,99,0,99,0,0,6,0,1,0,99,99,99,4,99,0,1,0,88,0,1,0,4,FALSE
Sheen et al,2009,310,0.273383853029885,0.096999586615713,2,0,57,14.4,23,53,14.3,19,TLU,1,3,2,2,1,1,1,2,2,1,2,99,0,99,0,0,6,0,1,0,99,99,99,4,99,1,1,0,88,0,1,0,4,FALSE
Sheen et al,2009,311,0.0403571732080364,0.10599914165712,2,0,57,14.4,23,56.4,14.8,16,TLU,2,0,2,2,1,1,1,2,2,1,2,99,0,99,0,0,6,0,1,0,99,99,99,4,99,1,1,0,88,0,1,0,4,FALSE
Sheen et al,2009,312,0.00657754309234967,0.0980866520125618,2,0,59,16.3,22,58.9,13.1,19,TLU,3,3,2,2,1,1,1,2,2,1,2,99,0,99,0,0,6,0,1,0,99,99,99,4,99,1,2,0,88,0,1,0,4,FALSE
Sheen et al,2009,313,0.291095384825077,0.109069499705419,2,0,59,16.3,22,54.7,11.4,16,TLU,4,0,2,2,1,1,1,2,2,1,2,99,0,99,0,0,6,0,1,0,99,99,99,4,99,1,2,0,88,0,1,0,4,FALSE
Sheen et al,2009,314,0.976884408177102,0.109723967657273,1,1,77.5,13.6,22,62.8,16,19,TLU,1,3,2,2,1,1,1,2,2,1,2,99,0,99,0,0,6,0,1,0,99,99,99,4,99,1,2,0,88,0,1,0,4,FALSE
Sheen et al,2009,315,0.940257570781132,0.119587233604693,1,1,77.5,13.6,22,63.3,16.3,16,TLU,2,0,2,2,1,1,1,2,2,1,2,99,0,99,0,0,6,0,1,0,99,99,99,4,99,1,2,0,88,0,1,0,4,FALSE
Sheen et al,2009,316,0.285547578977844,0.0970805233866968,1,1,67.4,13.4,23,63.5,13.4,19,TLU,3,3,2,2,1,1,1,2,2,1,2,99,0,99,0,0,6,0,1,0,99,99,99,4,99,0,1,0,88,0,1,0,4,FALSE
Sheen et al,2009,317,-0.67503874176919,0.111820277573274,1,1,67.4,13.4,23,75.5,8.8,16,TLU,4,0,2,2,1,1,1,2,2,1,2,99,0,99,0,0,6,0,1,0,99,99,99,4,99,0,1,0,88,0,1,0,4,FALSE
Sheen et al,2009,318,-0.00505578846694445,0.0961101441145172,2,1,62.7,21.8,23,62.8,16,19,TLU,1,3,2,2,1,1,1,2,2,1,2,99,0,99,0,0,6,0,1,0,99,99,99,4,99,1,1,0,88,0,1,0,4,FALSE
Sheen et al,2009,319,-0.0297504736265192,0.105989608185988,2,1,62.7,21.8,23,63.3,16.3,16,TLU,2,0,2,2,1,1,1,2,2,1,2,99,0,99,0,0,6,0,1,0,99,99,99,4,99,1,1,0,88,0,1,0,4,FALSE
Sheen et al,2009,320,0.854673176921328,0.106994249272021,2,1,75.9,14.9,22,63.5,13.4,19,TLU,3,3,2,2,1,1,1,2,2,1,2,99,0,99,0,0,6,0,1,0,99,99,99,4,99,1,2,0,88,0,1,0,4,FALSE
Sheen et al,2009,321,0.0307885143192655,0.107967018252097,2,1,75.9,14.9,22,75.5,8.8,16,TLU,4,0,2,2,1,1,1,2,2,1,2,99,0,99,0,0,6,0,1,0,99,99,99,4,99,1,2,0,88,0,1,0,4,FALSE
Sheen et al,2009,322,1.21536776218224,0.116099768272058,1,2,78,13.9,22,60.6,14.2,19,TLU,1,3,3,2,1,1,1,2,2,1,2,99,0,99,0,0,6,0,1,0,99,99,99,4,99,1,2,0,88,0,1,0,4,FALSE
Sheen et al,2009,323,0.31106844830692,0.109227750448388,1,2,78,13.9,22,73.8,12.2,16,TLU,2,0,3,2,1,1,1,2,2,1,2,99,0,99,0,0,6,0,1,0,99,99,99,4,99,1,2,0,88,0,1,0,4,FALSE
Sheen et al,2009,324,0.0532997769479344,0.0961436596529181,1,2,67.9,11.6,23,67.2,14.3,19,TLU,3,3,3,2,1,1,1,2,2,1,2,99,0,99,0,0,6,0,1,0,99,99,99,4,99,0,1,0,88,0,1,0,4,FALSE
Sheen et al,2009,325,-0.368731601830704,0.107721376179675,1,2,67.9,11.6,23,71.9,9.01,16,TLU,4,0,3,2,1,1,1,2,2,1,2,99,0,99,0,0,6,0,1,0,99,99,99,4,99,0,1,0,88,0,1,0,4,FALSE
Sheen et al,2009,326,0.387152045651379,0.0978942053699342,2,2,67,17.7,23,60.6,14.2,19,TLU,1,3,3,2,1,1,1,2,2,1,2,99,0,99,0,0,6,0,1,0,99,99,99,4,99,1,1,0,88,0,1,0,4,FALSE
Sheen et al,2009,327,-0.424158970272109,0.108284809998569,2,2,67,17.7,23,73.8,12.2,16,TLU,2,0,3,2,1,1,1,2,2,1,2,99,0,99,0,0,6,0,1,0,99,99,99,4,99,1,1,0,88,0,1,0,4,FALSE
Sheen et al,2009,328,0.446542576981844,0.100517835048957,2,2,73.4,13,22,67.2,14.3,19,TLU,3,3,3,2,1,1,1,2,2,1,2,99,0,99,0,0,6,0,1,0,99,99,99,4,99,1,2,0,88,0,1,0,4,FALSE
Sheen et al,2009,329,0.127618789593449,0.108168842236878,2,2,73.4,13,22,71.9,9.01,16,TLU,4,0,3,2,1,1,1,2,2,1,2,99,0,99,0,0,6,0,1,0,99,99,99,4,99,1,2,0,88,0,1,0,4,FALSE
NA,NA,NA,NA,NA,NA,NA,NA,NA,NA,NA,NA,NA,NA,NA,NA,NA,NA,NA,NA,NA,NA,NA,NA,NA,NA,NA,NA,NA,NA,NA,NA,NA,NA,NA,NA,NA,NA,NA,NA,NA,NA,NA,NA,NA,NA,NA,NA
Shintani & Ellis,2013,330,0.0525361426811302,0.139470663928039,1,0,0.34,0.37,13,0.32,0.37,16,TLU,1,0,2,1,0,1,1,2,2,1,99,99,1,1,1,0,5,1,1,0,99,0,99,1,99,1,2,3,88,1,1,0,1,FALSE
Shintani & Ellis,2013,331,0.129898183681105,0.12943882050737,2,0,0.37,0.38,15,0.32,0.37,16,TLU,1,0,2,1,0,1,1,2,2,1,99,99,1,1,1,0,5,1,1,0,99,0,99,1,99,1,2,0,88,1,1,0,1,FALSE
Shintani & Ellis,2013,332,1.21748639219919,0.164979509943597,1,1,0.72,0.34,13,0.28,0.36,16,TLU,1,0,2,1,0,1,1,2,2,1,99,99,1,1,1,0,5,1,1,0,99,0,99,1,99,1,2,3,88,1,1,0,1,FALSE
Shintani & Ellis,2013,333,0.114896879083083,0.139650685420025,1,2,0.39,0.36,13,0.35,0.32,16,TLU,1,0,2,1,0,1,1,2,2,1,99,99,1,1,1,0,5,1,1,0,99,0,99,1,99,1,2,3,88,1,1,0,1,FALSE
Shintani & Ellis,2013,334,0.703354155542079,0.137145812926639,2,1,0.54,0.36,15,0.28,0.36,16,TLU,1,0,2,1,0,1,1,2,2,1,99,99,1,1,1,0,5,1,1,0,99,0,99,1,99,1,2,0,88,1,1,0,1,FALSE
Shintani & Ellis,2013,335,0.401127018136305,0.131761874484068,2,2,0.49,0.36,15,0.35,0.32,16,TLU,1,0,2,1,0,1,1,2,2,1,99,99,1,1,1,0,5,1,1,0,99,0,99,1,99,1,2,0,88,1,1,0,1,FALSE
NA,NA,NA,NA,NA,NA,NA,NA,NA,NA,NA,NA,NA,NA,NA,NA,NA,NA,NA,NA,NA,NA,NA,NA,NA,NA,NA,NA,NA,NA,NA,NA,NA,NA,NA,NA,NA,NA,NA,NA,NA,NA,NA,NA,NA,NA,NA,NA
Sobhani & Tayebipour,2015,336,0.0108256027677643,0.133335286561254,1,0,15.05,2,15,15.03,1.569,15,ncorrect,1,0,2,1,99,0,2,3,99,1,99,99,0,0,1,1,5,0,1,0,99,99,0,4,99,0,0,1,88,1,99,0,1,FALSE
Sobhani & Tayebipour,2015,337,0.0932816961118511,0.133478357913825,2,0,15.18,1.56,15,15.03,1.569,15,ncorrect,1,0,2,1,99,0,2,3,99,1,99,99,0,0,1,1,5,0,1,0,99,99,0,4,99,0,1,1,88,1,99,0,1,FALSE
Sobhani & Tayebipour,2015,338,0.357723742223608,0.135466104595841,1,1,15.93,1.951,15,15.25,1.742,15,ncorrect,1,0,2,1,99,0,2,3,99,1,99,99,0,0,1,1,5,0,1,0,99,99,0,4,99,0,0,1,88,1,99,0,1,FALSE
Sobhani & Tayebipour,2015,339,0.518627959537307,0.13781624934023,2,1,16.21,1.858,15,15.25,1.742,15,ncorrect,1,0,2,1,99,0,2,3,99,1,99,99,0,0,1,1,5,0,1,0,99,99,0,4,99,0,1,1,88,1,99,0,1,FALSE
NA,NA,NA,NA,NA,NA,NA,NA,NA,NA,NA,NA,NA,NA,NA,NA,NA,NA,NA,NA,NA,NA,NA,NA,NA,NA,NA,NA,NA,NA,NA,NA,NA,NA,NA,NA,NA,NA,NA,NA,NA,NA,NA,NA,NA,NA,NA,NA
Stefanou & Revesz,2015,340,0.618040100451535,0.0710531560706852,1,0,3.4,0.89,30,2.69,1.34,29,ncorrect,1,3,1,2,0,1,2,1,1,1,99,99,1,1,0,0,7,1,0,0,99,0,99,4,99,1,2,0,88,99,2,0,2,FALSE
Stefanou & Revesz,2015,341,-0.567192143843164,0.070542421852645,1,0,0.97,1.07,30,1.72,1.51,29,ncorrect,2,3,1,2,0,1,2,1,1,1,99,99,1,1,0,0,7,1,0,0,99,0,99,4,99,1,2,0,88,99,2,0,2,FALSE
Stefanou & Revesz,2015,342,0.158808891009249,0.068029823003714407,2,0,2.9,1.27,30,2.69,1.34,29,ncorrect,1,3,1,2,0,1,2,1,1,1,99,99,1,1,0,0,7,1,0,0,99,0,99,4,99,1,2,8,88,99,2,0,2,FALSE
Stefanou & Revesz,2015,343,-0.380401127523886,0.0690424056643742,2,0,1.13,1.55,30,1.72,1.51,29,ncorrect,2,3,1,2,0,1,2,1,1,1,99,99,1,1,0,0,7,1,0,0,99,0,99,4,99,1,2,8,88,99,2,0,2,FALSE
Stefanou & Revesz,2015,344,0.112189907219658,0.0679227578462429,1,1,3.5,1,30,3.38,1.11,29,ncorrect,1,3,1,2,0,1,2,1,1,1,99,99,1,1,0,0,7,1,0,0,99,0,99,4,99,1,2,0,88,99,2,0,2,FALSE
Stefanou & Revesz,2015,345,1.15294901828493,0.0790812736384653,1,1,2.93,1.41,30,1.17,1.6,29,ncorrect,2,3,1,2,0,1,2,1,1,1,99,99,1,1,0,0,7,1,0,0,99,0,99,4,99,1,2,0,88,99,2,0,2,FALSE
Stefanou & Revesz,2015,346,0.281166738323401,0.0684860473331706,2,1,3.67,0.92,30,3.38,1.11,29,ncorrect,1,3,1,2,0,1,2,1,1,1,99,99,1,1,0,0,7,1,0,0,99,0,99,4,99,1,2,8,88,99,2,0,2,FALSE
Stefanou & Revesz,2015,347,1.24050945586873,0.0808573098362242,2,1,3.1,1.47,30,1.17,1.6,29,ncorrect,2,3,1,2,0,1,2,1,1,1,99,99,1,1,0,0,7,1,0,0,99,0,99,4,99,1,2,8,88,99,2,0,2,FALSE
Stefanou & Revesz,2015,348,0.408755473809317,0.0692320329486762,1,2,3.6,0.89,30,3.14,1.3,29,ncorrect,1,3,2,2,0,1,2,1,1,1,99,99,1,1,0,0,7,1,0,0,99,0,99,4,99,1,2,0,88,99,2,0,2,FALSE
Stefanou & Revesz,2015,349,1.05949553813836,0.0773290647958459,1,2,3.13,1.43,30,1.48,1.64,29,ncorrect,2,3,2,2,0,1,2,1,1,1,99,99,1,1,0,0,7,1,0,0,99,0,99,4,99,1,2,0,88,99,2,0,2,FALSE
Stefanou & Revesz,2015,350,0.678409758294854,0.071716429243427,2,2,3.83,0.59,30,3.14,1.3,29,ncorrect,1,3,2,2,0,1,2,1,1,1,99,99,1,1,0,0,7,1,0,0,99,0,99,4,99,1,2,8,88,99,2,0,2,FALSE
Stefanou & Revesz,2015,351,1.28139233821077,0.0817310608050846,2,2,3.33,1.18,30,1.48,1.64,29,ncorrect,2,3,2,2,0,1,2,1,1,1,99,99,1,1,0,0,7,1,0,0,99,0,99,4,99,1,2,8,88,99,2,0,2,FALSE
NA,NA,NA,NA,NA,NA,NA,NA,NA,NA,NA,NA,NA,NA,NA,NA,NA,NA,NA,NA,NA,NA,NA,NA,NA,NA,NA,NA,NA,NA,NA,NA,NA,NA,NA,NA,NA,NA,NA,NA,NA,NA,NA,NA,NA,NA,NA,NA
Sun,2013,352,-0.267979505139662,0.192618924603731,1,0,0.356987,0.1948038,11,0.30681,0.1613508,10,pcorrect,1,1,3,3,1,2,2,2,2,1,99,1,1,0,1,0,5,0,0,1,2,0,1,1,99,10,2,8,0,0,1,0,1,TRUE
Sun,2013,353,0.242162635149779,0.184666122921121,2,0,0.26616,0.1615753,12,0.30681,0.1613508,10,pcorrect,1,1,3,3,1,2,2,2,2,1,99,1,1,0,1,0,5,0,0,1,2,0,1,1,99,0,0,3,1,0,1,0,1,TRUE
Sun,2013,354,0.587566667561277,0.199128962071687,1,1,0.204421,0.1588429,11,0.287568,0.104496,10,pcorrect,1,1,3,3,1,2,2,2,2,1,99,1,1,0,1,0,5,0,0,1,2,0,1,1,99,10,2,8,0,0,1,0,1,TRUE
Sun,2013,355,0.203523014026816,0.184274733725118,2,1,0.260022,0.1479377,12,0.287568,0.104496,10,pcorrect,1,1,3,3,1,2,2,2,2,1,99,1,1,0,1,0,5,0,0,1,2,0,1,1,99,0,0,3,1,0,1,0,1,TRUE
NA,NA,NA,NA,NA,NA,NA,NA,NA,NA,NA,NA,NA,NA,NA,NA,NA,NA,NA,NA,NA,NA,NA,NA,NA,NA,NA,NA,NA,NA,NA,NA,NA,NA,NA,NA,NA,NA,NA,NA,NA,NA,NA,NA,NA,NA,NA,NA
Tanveer et al,2018,356,0.0534960372390084,0.200071545650006,1,0,10.448,4.53,10,10.683,3.8566,10,nerror,1,0,1,1,99,0,2,1,1,1,99,99,1,1,1,0,5,0,1,0,99,99,99,0,99,10,1,8,88,99,1,0,1,TRUE
Tanveer et al,2018,357,0.134172477626731,0.200450056343812,2,0,10.259,1.8556,10,10.683,3.8566,10,nerror,1,0,1,1,99,0,2,1,1,1,99,99,1,1,1,0,5,0,1,0,99,99,99,0,99,10,1,3,88,99,1,0,1,TRUE
Tanveer et al,2018,358,1.92105098695418,0.292260922361941,1,1,5.398,1.84396,10,13.141,5.13784,10,nerror,1,0,1,1,99,0,2,1,1,1,99,99,1,1,1,0,5,0,1,0,99,99,99,0,99,10,1,8,88,99,1,0,1,TRUE
Tanveer et al,2018,359,1.37468506944014,0.247243976003541,2,1,7.085,3.03298,10,13.141,5.13784,10,nerror,1,0,1,1,99,0,2,1,1,1,99,99,1,1,1,0,5,0,1,0,99,99,99,0,99,10,1,3,88,99,1,0,1,TRUE
Tanveer et al,2018,360,1.58286257113733,0.262636347977687,1,2,6.44,3.4307,10,16.65,8.03396,10,nerror,1,0,2,1,99,0,2,1,1,1,99,99,1,1,1,0,5,0,1,0,99,99,99,0,99,10,1,8,88,99,1,0,1,TRUE
Tanveer et al,2018,361,1.24311411311275,0.238633317455502,2,2,8.596,3.528,10,16.65,8.03396,10,nerror,1,0,2,1,99,0,2,1,1,1,99,99,1,1,1,0,5,0,1,0,99,99,99,0,99,10,1,3,88,99,1,0,1,TRUE
NA,NA,NA,NA,NA,NA,NA,NA,NA,NA,NA,NA,NA,NA,NA,NA,NA,NA,NA,NA,NA,NA,NA,NA,NA,NA,NA,NA,NA,NA,NA,NA,NA,NA,NA,NA,NA,NA,NA,NA,NA,NA,NA,NA,NA,NA,NA,NA
Truscott & Hsu,2008,362,-0.0932998741949501,0.0861731910436158,1,0,0.0799,0.0367,21,0.0763,0.0389,26,perror,1,0,2,3,1,1,2,2,2,1,99,1,0,99,0,1,5,0,1,0,1,99,0,0,99,0,0,1,88,1,1,0,1,TRUE
Truscott & Hsu,2008,363,-0.0675906167804333,0.086129187053743,1,1,0.113,0.0472,21,0.1095,0.0537,26,perror,1,0,2,3,1,1,2,2,2,1,99,1,0,99,0,1,5,0,1,0,1,99,0,0,99,0,0,1,88,1,1,0,1,TRUE
NA,NA,NA,NA,NA,NA,NA,NA,NA,NA,NA,NA,NA,NA,NA,NA,NA,NA,NA,NA,NA,NA,NA,NA,NA,NA,NA,NA,NA,NA,NA,NA,NA,NA,NA,NA,NA,NA,NA,NA,NA,NA,NA,NA,NA,NA,NA,NA
Van Beuningen et al a,2008,364,0.625999696562244,0.125061122380153,1,0,1.63,0.76,15,1.21,0.56,19,perror,1,2,2,1,99,0,2,1,1,99,99,99,1,1,0,0,2,1,1,0,1,0,0,0,0,0,0,0,88,88,1,0,4,FALSE
Van Beuningen et al a,2008,365,0.133258514124795,0.143906847725221,1,0,1.63,0.76,15,1.53,0.69,13,perror,2,0,2,1,99,0,2,1,1,99,99,99,1,1,0,0,2,1,1,0,1,0,0,0,0,0,0,0,88,88,1,0,4,FALSE
Van Beuningen et al a,2008,366,0.499418649232683,0.117942213355911,1,0,1.55,0.79,18,1.19,0.6,17,perror,3,2,2,1,99,0,2,1,1,99,99,99,1,1,0,0,2,1,1,0,1,0,0,0,0,0,0,0,88,88,1,0,4,FALSE
Van Beuningen et al a,2008,367,-0.176058499650398,0.127468448785676,1,0,1.55,0.79,18,1.67,0.45,14,perror,4,0,2,1,99,0,2,1,1,99,99,99,1,1,0,0,2,1,1,0,1,0,0,0,0,0,0,0,88,88,1,0,4,FALSE
Van Beuningen et al a,2008,368,-0.10707954473698,0.119466863686109,2,0,1.15,0.53,15,1.21,0.56,19,perror,1,2,2,1,99,0,2,1,1,99,99,99,1,1,0,0,2,1,1,0,1,0,0,0,0,0,0,2,1,88,1,0,4,FALSE
Van Beuningen et al a,2008,369,-0.605679236362998,0.150140588899766,2,0,1.15,0.53,15,1.53,0.69,13,perror,2,0,2,1,99,0,2,1,1,99,99,99,1,1,0,0,2,1,1,0,1,0,0,0,0,0,0,2,1,88,1,0,4,FALSE
Van Beuningen et al a,2008,370,0.0862370627491512,0.11775642398517,2,0,1.24,0.53,17,1.19,0.6,17,perror,3,2,2,1,99,0,2,1,1,99,99,99,1,1,0,0,2,1,1,0,1,0,0,0,0,0,0,2,1,88,1,0,4,FALSE
Van Beuningen et al a,2008,371,-0.84473469605865,0.141761402561711,2,0,1.24,0.53,17,1.67,0.45,14,perror,4,0,2,1,99,0,2,1,1,99,99,99,1,1,0,0,2,1,1,0,1,0,0,0,0,0,0,2,1,88,1,0,4,FALSE
Van Beuningen et al a,2008,372,-0.261881013147963,0.120306799511791,1,1,1.12,0.74,15,1.32,0.75,19,perror,1,2,2,1,99,0,2,1,1,99,99,99,1,1,0,0,2,1,1,0,1,0,0,0,0,0,0,0,88,88,1,0,4,FALSE
Van Beuningen et al a,2008,373,-1.12196924523348,0.166068582647775,1,1,1.12,0.74,15,1.9,0.59,13,perror,2,0,2,1,99,0,2,1,1,99,99,99,1,1,0,0,2,1,1,0,1,0,0,0,0,0,0,0,88,88,1,0,4,FALSE
Van Beuningen et al a,2008,374,-0.492497516188173,0.117844139302341,1,1,1.11,0.6,18,1.41,0.59,17,perror,3,2,2,1,99,0,2,1,1,99,99,99,1,1,0,0,2,1,1,0,1,0,0,0,0,0,0,0,88,88,1,0,4,FALSE
Van Beuningen et al a,2008,375,-0.844529429232449,0.138128345059747,1,1,1.11,0.6,18,1.76,0.91,14,perror,4,0,2,1,99,0,2,1,1,99,99,99,1,1,0,0,2,1,1,0,1,0,0,0,0,0,0,0,88,88,1,0,4,FALSE
Van Beuningen et al a,2008,376,0.140707913531437,0.119589403215952,2,1,1.43,0.78,15,1.32,0.75,19,perror,1,2,2,1,99,0,2,1,1,99,99,99,1,1,0,0,2,1,1,0,1,0,0,0,0,0,0,2,1,88,1,0,4,FALSE
Van Beuningen et al a,2008,377,-0.652999940599065,0.151204188633,2,1,1.43,0.78,15,1.9,0.59,13,perror,2,0,2,1,99,0,2,1,1,99,99,99,1,1,0,0,2,1,1,0,1,0,0,0,0,0,0,2,1,88,1,0,4,FALSE
Van Beuningen et al a,2008,378,-0.226953418612877,0.118404527267942,2,1,1.29,0.43,17,1.41,0.59,17,perror,3,2,2,1,99,0,2,1,1,99,99,99,1,1,0,0,2,1,1,0,1,0,0,0,0,0,0,2,1,88,1,0,4,FALSE
Van Beuningen et al a,2008,379,-0.665371905638355,0.137392742337317,2,1,1.29,0.43,17,1.76,0.91,14,perror,4,0,2,1,99,0,2,1,1,99,99,99,1,1,0,0,2,1,1,0,1,0,0,0,0,0,0,2,1,88,1,0,4,FALSE
NA,NA,NA,NA,NA,NA,NA,NA,NA,NA,NA,NA,NA,NA,NA,NA,NA,NA,NA,NA,NA,NA,NA,NA,NA,NA,NA,NA,NA,NA,NA,NA,NA,NA,NA,NA,NA,NA,NA,NA,NA,NA,NA,NA,NA,NA,NA,NA
Van Beuningen et al b,2012,380,-0.0627851881270931,0.0580117583486743,1,0,0.55,0.31,35,0.53,0.32,34,perror,1,2,2,1,99,1,2,1,1,77,99,99,1,1,1,1,2,1,1,0,1,0,0,0,0,0,0,0,88,88,1,0,2,TRUE
Van Beuningen et al b,2012,381,-0.0885727379709553,0.059879974317038,1,0,0.55,0.31,35,0.52,0.36,32,perror,2,0,2,1,99,1,2,1,1,77,99,99,1,1,1,1,2,1,1,0,1,0,0,0,0,0,0,0,88,88,1,0,2,TRUE
Van Beuningen et al b,2012,382,0.182497200231624,0.059963341487214,2,0,0.47,0.33,33,0.53,0.32,34,perror,1,2,2,1,99,1,2,1,1,77,99,99,1,1,1,1,2,1,1,0,1,0,0,0,0,0,0,2,1,88,1,0,2,TRUE
Van Beuningen et al b,2012,383,0.143157672822309,0.0617106773744756,2,0,0.47,0.33,33,0.52,0.36,32,perror,2,0,2,1,99,1,2,1,1,77,99,99,1,1,1,1,2,1,1,0,1,0,0,0,0,0,0,2,1,88,1,0,2,TRUE
Van Beuningen et al b,2012,384,0.399162483528395,0.0591377634820685,1,1,0.49,0.33,35,0.64,0.41,34,perror,1,2,2,1,99,1,2,1,1,77,99,99,1,1,1,1,2,1,1,0,1,0,0,0,0,0,0,0,88,88,1,0,2,TRUE
Van Beuningen et al b,2012,385,0.51161553071262,0.0617747901480431,1,1,0.49,0.33,35,0.69,0.44,32,perror,2,0,2,1,99,1,2,1,1,77,99,99,1,1,1,1,2,1,1,0,1,0,0,0,0,0,0,0,88,88,1,0,2,TRUE
Van Beuningen et al b,2012,386,0.36903799416704,0.0607311311368143,2,1,0.51,0.27,33,0.64,0.41,34,perror,1,2,2,1,99,1,2,1,1,77,99,99,1,1,1,1,2,1,1,0,1,0,0,0,0,0,0,2,1,88,1,0,2,TRUE
Van Beuningen et al b,2012,387,0.488967583623183,0.0633921787479095,2,1,0.51,0.27,33,0.69,0.44,32,perror,2,0,2,1,99,1,2,1,1,77,99,99,1,1,1,1,2,1,1,0,1,0,0,0,0,0,0,2,1,88,1,0,2,TRUE
Van Beuningen et al b,2012,388,0.628288296732774,0.0608436728701469,1,2,0.39,0.26,35,0.6,0.39,34,perror,1,2,3,1,99,1,2,1,1,77,99,99,1,1,1,1,2,1,1,0,1,0,0,0,0,0,0,0,88,88,1,0,2,TRUE
Van Beuningen et al b,2012,389,0.883567422925136,0.0656474837270596,1,2,0.39,0.26,35,0.72,0.46,32,perror,2,0,3,1,99,1,2,1,1,77,99,99,1,1,1,1,2,1,1,0,1,0,0,0,0,0,0,0,88,88,1,0,2,TRUE
Van Beuningen et al b,2012,390,0.304333169607012,0.06040597917401,2,2,0.49,0.32,33,0.6,0.39,34,perror,1,2,3,1,99,1,2,1,1,77,99,99,1,1,1,1,2,1,1,0,1,0,0,0,0,0,0,2,1,88,1,0,2,TRUE
Van Beuningen et al b,2012,391,0.575114713663725,0.0640973144097419,2,2,0.49,0.32,33,0.72,0.46,32,perror,2,0,3,1,99,1,2,1,1,77,99,99,1,1,1,1,2,1,1,0,1,0,0,0,0,0,0,2,1,88,1,0,2,TRUE
NA,NA,NA,NA,NA,NA,NA,NA,NA,NA,NA,NA,NA,NA,NA,NA,NA,NA,NA,NA,NA,NA,NA,NA,NA,NA,NA,NA,NA,NA,NA,NA,NA,NA,NA,NA,NA,NA,NA,NA,NA,NA,NA,NA,NA,NA,NA,NA
Van Beuningen et al c,2012,392,-0.22866240667366,0.0586559146808371,1,0,0.43,0.27,32,0.37,0.25,37,perror,1,2,2,1,99,1,2,1,1,77,99,99,1,1,1,1,2,1,1,0,1,0,0,0,0,0,0,0,88,88,1,0,2,TRUE
Van Beuningen et al c,2012,393,-0.219685756120585,0.0593826441854415,1,0,0.43,0.27,32,0.37,0.27,36,perror,2,0,2,1,99,1,2,1,1,77,99,99,1,1,1,1,2,1,1,0,1,0,0,0,0,0,0,0,88,88,1,0,2,TRUE
Van Beuningen et al c,2012,394,0.28157486523058,0.0621104250774865,2,0,0.3,0.24,29,0.37,0.25,37,perror,1,2,2,1,99,1,2,1,1,77,99,99,1,1,1,1,2,1,1,0,1,0,0,0,0,0,0,2,1,88,1,0,2,TRUE
Van Beuningen et al c,2012,395,0.269012071523877,0.0628172094340487,2,0,0.3,0.24,29,0.37,0.27,36,perror,2,0,2,1,99,1,2,1,1,77,99,99,1,1,1,1,2,1,1,0,1,0,0,0,0,0,0,2,1,88,1,0,2,TRUE
Van Beuningen et al c,2012,396,0.371723040774175,0.059278317020087803,1,1,0.32,0.22,32,0.42,0.3,37,perror,1,2,2,1,99,1,2,1,1,77,99,99,1,1,1,1,2,1,1,0,1,0,0,0,0,0,0,0,88,88,1,0,2,TRUE
Van Beuningen et al c,2012,397,0.526407538592559,0.0610653137828298,1,1,0.32,0.22,32,0.44,0.23,36,perror,2,0,2,1,99,1,2,1,1,77,99,99,1,1,1,1,2,1,1,0,1,0,0,0,0,0,0,0,88,88,1,0,2,TRUE
Van Beuningen et al c,2012,398,0.206410553938512,0.0618325531990591,2,1,0.36,0.27,29,0.42,0.3,37,perror,1,2,2,1,99,1,2,1,1,77,99,99,1,1,1,1,2,1,1,0,1,0,0,0,0,0,0,2,1,88,1,0,2,TRUE
Van Beuningen et al c,2012,399,0.317986917428867,0.0630383493188975,2,1,0.36,0.27,29,0.44,0.23,36,perror,2,0,2,1,99,1,2,1,1,77,99,99,1,1,1,1,2,1,1,0,1,0,0,0,0,0,0,2,1,88,1,0,2,TRUE
Van Beuningen et al c,2012,400,0.206813366056158,0.0585869673776029,1,2,0.39,0.34,32,0.46,0.33,37,perror,1,2,3,1,99,1,2,1,1,77,99,99,1,1,1,1,2,1,1,0,1,0,0,0,0,0,0,0,88,88,1,0,2,TRUE
Van Beuningen et al c,2012,401,0.206696851669011,0.0593419218107916,1,2,0.39,0.34,32,0.45,0.23,36,perror,2,0,3,1,99,1,2,1,1,77,99,99,1,1,1,1,2,1,1,0,1,0,0,0,0,0,0,0,88,88,1,0,2,TRUE
Van Beuningen et al c,2012,402,0.309780114475619,0.0622367835213873,2,2,0.37,0.22,29,0.46,0.33,37,perror,1,2,3,1,99,1,2,1,1,77,99,99,1,1,1,1,2,1,1,0,1,0,0,0,0,0,0,2,1,88,1,0,2,TRUE
Van Beuningen et al c,2012,403,0.350352769039644,0.06320474457365,2,2,0.37,0.22,29,0.45,0.23,36,perror,2,0,3,1,99,1,2,1,1,77,99,99,1,1,1,1,2,1,1,0,1,0,0,0,0,0,0,2,1,88,1,0,2,TRUE
NA,NA,NA,NA,NA,NA,NA,NA,NA,NA,NA,NA,NA,NA,NA,NA,NA,NA,NA,NA,NA,NA,NA,NA,NA,NA,NA,NA,NA,NA,NA,NA,NA,NA,NA,NA,NA,NA,NA,NA,NA,NA,NA,NA,NA,NA,NA,NA
Wagner,2016,404,-0.0356897789110568,0.1002665485704,1,0,2.1,2.6,21,2,2.9,19,nerror,1,1,3,3,1,2,2,1,1,2,0,99,0,0,0,0,2,0,1,0,2,0,99,4,1,0,0,2,1,1,1,0,1,TRUE
Wagner,2016,405,0.35786609808098,0.101851478368362,1,1,1.2,1.6,21,2,2.7,19,nerror,1,1,3,3,1,2,2,1,1,2,0,99,0,0,0,0,2,0,1,0,2,0,99,4,1,0,0,2,1,1,1,0,1,TRUE
NA,NA,NA,NA,NA,NA,NA,NA,NA,NA,NA,NA,NA,NA,NA,NA,NA,NA,NA,NA,NA,NA,NA,NA,NA,NA,NA,NA,NA,NA,NA,NA,NA,NA,NA,NA,NA,NA,NA,NA,NA,NA,NA,NA,NA,NA,NA,NA
Wang,2017,406,-0.443019920025121,0.0585447617824218,1,0,16.5,10.98,35,11,13.45,35,perror,1,1,3,3,0,0,2,2,2,99,99,99,0,0,0,0,2,0,1,0,3,2,99,0,99,0,0,1,88,1,1,0,1,TRUE
Wang,2017,407,-0.517136387666639,0.0590530717389207,2,0,18.2,14.08,35,11,13.45,35,perror,1,1,3,3,0,0,2,2,2,99,99,99,0,0,0,0,2,0,1,0,3,2,99,0,99,0,0,0,88,1,1,0,1,TRUE
Wang,2017,408,-0.0569616638098413,0.0571660330795998,1,1,6.1,5.91,35,5.6,10.76,35,perror,1,1,3,3,0,0,2,2,2,99,99,99,0,0,0,0,2,0,1,0,3,2,99,0,99,0,0,1,88,1,1,0,1,TRUE
Wang,2017,409,-0.0945442714298422,0.0572067044232871,2,1,6.5,7.84,35,5.6,10.76,35,perror,1,1,3,3,0,0,2,2,2,99,99,99,0,0,0,0,2,0,1,0,3,2,99,0,99,0,0,0,88,1,1,0,1,TRUE
NA,NA,NA,NA,NA,NA,NA,NA,NA,NA,NA,NA,NA,NA,NA,NA,NA,NA,NA,NA,NA,NA,NA,NA,NA,NA,NA,NA,NA,NA,NA,NA,NA,NA,NA,NA,NA,NA,NA,NA,NA,NA,NA,NA,NA,NA,NA,NA
Yu & Cheng,2017,410,-0.62808895356328,0.0700282875833871,1,0,76.03,14.16,31,84.24,11.4,29,TLU,1,1,1,3,0,0,2,2,2,1,99,0,0,1,1,0,2,1,1,0,1,0,1,1,99,1,2,8,88,0,1,0,1,FALSE
Yu & Cheng,2017,411,-0.134762048650559,0.0668921632181228,1,1,76.45,15.52,31,78.31,11.24,29,TLU,1,1,1,3,0,0,2,2,2,1,99,0,0,1,1,0,2,1,1,0,1,0,1,1,99,1,2,8,88,0,1,0,1,FALSE
Yu & Cheng,2017,412,-0.312303842675796,0.0675536038880692,1,2,82,11.28,31,85.34,9.72,29,TLU,1,1,2,3,0,0,2,2,2,1,99,0,0,1,1,0,2,1,1,0,1,0,1,1,99,1,2,8,88,0,1,0,1,FALSE
NA,NA,NA,NA,NA,NA,NA,NA,NA,NA,NA,NA,NA,NA,NA,NA,NA,NA,NA,NA,NA,NA,NA,NA,NA,NA,NA,NA,NA,NA,NA,NA,NA,NA,NA,NA,NA,NA,NA,NA,NA,NA,NA,NA,NA,NA,NA,NA
Zhang,2017,413,-0.0630854636703089,0.0666998314643874,1,0,5.17,1.577,30,5.07,1.552,30,pcorrectTunit,1,0,2,2,2,1,2,2,2,1,99,99,1,1,1,0,2,1,1,0,2,2,1,0,99,0,0,0,88,1,2,0,1,TRUE
Zhang,2017,414,-0.877325471216197,0.0730808331870393,1,1,6.97,1.402,30,5.73,1.388,30,pcorrectTunit,1,0,2,2,2,1,2,2,2,1,99,99,1,1,1,0,2,1,1,0,2,2,1,0,99,0,0,0,88,1,2,0,1,TRUE
Zhang,2017,415,-0.935287405296949,0.0739563544208925,1,2,6.73,1.081,30,5.67,1.155,30,pcorrectTunit,1,0,3,2,2,1,2,2,2,1,99,99,1,1,1,0,2,1,1,0,2,2,1,0,99,0,0,0,88,1,2,0,1,TRUE
